Workbook
Name A: #REF!
Name A: #REF!
Name A: #REF!
Name A: #REF!
Name A: #REF!
Name A: #REF!
Name A: #REF!
Name A: #REF!
Name AA: #REF!
Name AA: #REF!
Name AA: #REF!
Name AA: #REF!
Name AA: #REF!
Name AA: #REF!
Name AA: #REF!
Name AA: #REF!
Name AAA: #REF!
Name AAA: #REF!
Name AAA: #REF!
Name AAA: #REF!
Name AAA: #REF!
Name AAA: #REF!
Name AAA: #REF!
Name AAA: #REF!
Name AAAA: #REF!
Name AAAA: #REF!
Name AAAA: #REF!
Name AAAA: #REF!
Name AAAA: #REF!
Name AAAA: #REF!
Name AAAA: #REF!
Name AAAA: #REF!
Name ABC: #REF!
Name ABC: #REF!
Name ABC: #REF!
Name ABC: #REF!
Name ABC: #REF!
Name ABC: #REF!
Name ABC: #REF!
Name ABC: #REF!
Name ad: #REF!
Name ad: #REF!
Name ad: #REF!
Name ad: #REF!
Name ad: #REF!
Name ad: #REF!
Name ad: #REF!
Name ad: #REF!
Name ADDDELETE1: #REF!
Name ADDDELETE1: #REF!
Name ADDDELETE1: #REF!
Name ADDDELETE1: #REF!
Name ADDDELETE1: #REF!
Name ADDDELETE1: #REF!
Name ADDDELETE1: #REF!
Name ADDDELETE1: #REF!
Name ASSUMPTION: #REF!
Name ASSUMPTION: #REF!
Name ASSUMPTION: #REF!
Name ASSUMPTION: #REF!

Sheet BASE
A1: PARTNUMBER | B1: UM | C1: DESCRIÇÃO | D1: DESCRIÇÃO | E1: BOX | F1: ORIGEM | G1: COMMENTS | H1: QTD | I1: Modelo
A2: 1J0121321B | B2: Peça | C2: COVER | D2: TAMPA DO RESERVATORIO DE COMPENSACA | E2: BX3 | F2: Avulsa | H2: 1 | I2: 11180CUM.ModelCode.EE
A3: 22B607359 | B3: Peça | C3: FOUR-WAY VALVE | D3: VALVULA | E3: BX1 | F3: Avulsa | H3: 1 | I3: 11180CUM.ModelCode.EE
A4: 2376119872 | B4: Peça | C4: PIPE CLAMP | D4: BRACADEIRA | E4: SHW | F4: Avulsa | H4: 1 | I4: 11180CUM.ModelCode.EE
A5: 23A131983B | B5: Peça | C5: TUBULACAO | D5: TUBO PLASTICO RESERVATORIO ADBLUE | E5: BX3 | F5: Avulsa | H5: 1 | I5: 11180CUM.ModelCode.EE
A6: 23A131983D | B6: Peça | C6: TUBULACAO | D6: TUBO DE PLASTICO PARA ALIMENTACAO | E6: BX3 | F6: Avulsa | H6: 1 | I6: 11180CUM.ModelCode.EE
A7: 23A131983E | B7: Peça | C7: TUBULACAO | D7: TUBO PLAST RETORNO RESERVATORIO ADBLUE | E7: BX3 | F7: Avulsa | H7: 1 | I7: 11180CUM.ModelCode.EE
A8: 23A201353C | B8: Peça | C8: TUBULACAO COMBUST. | D8: TUBO PLAST P TANQUE PRE FILTRO USO AUTO | E8: BX1 | F8: Avulsa | H8: 1 | I8: 11180CUM.ModelCode.EE
A9: 23A201512 | B9: Peça | C9: FILTROCOMBUSTIVEL | D9: FILTRO DE COMBUSTIVEL P USO AUTOMOTIVO | E9: BX1 | F9: Avulsa | H9: 1 | I9: 11180CUM.ModelCode.EE
A10: 23A253047 | B10: Peça | C10: APOIO | D10: SUPORTE PTUBO GAS DE ESCAPE DE USO AUTO | E10: BX2 | F10: Avulsa | H10: 1 | I10: 11180CUM.ModelCode.EE
A11: 23A253319 | B11: Peça | C11: SUPORTE | D11: SUPORTE DO CATALISADOR TRAS P USO AUTO | E11: BX1 | F11: Avulsa | H11: 1 | I11: 11180CUM.ModelCode.EE
A12: 23A253319A | B12: Peça | C12: SUPORTE | D12: SUPORTE DO CATALISADOR TRAS P USO AUTO | E12: BX1 | F12: Avulsa | H12: 1 | I12: 11180CUM.ModelCode.EE
A13: 23A254253 | B13: Peça | C13: CONVERSORCATALIT. | D13: CONVERSOR CATALITICO PARA USO AUTOMOTIVO | E13: BX3 | F13: Avulsa | H13: 1 | I13: 11180CUM.ModelCode.EE
... A748: TRN607272 | B748: Peça | C748: CONEXÃORT.3/8/X3/8 | D748: CONEX.RT.3/8/X3/8 | E748: SHW | F748: Avulsa | H748: 2 | I748: 17.180. ModelCode.EE

Sheet 2116001_15190OD.2WLJEB.5180_02_
A1: PARTNUMBER | B1: UM | C1: DESCRIÇÃO | D1: BOX | E1: ORIGEM | F1: KNR | G1: CANT. | H1: PUESTO
A2: 377860250 | B2: Peça | C2: WARNING TRIANGLE | D2: BX1 | E2: Avulsa | F2: 2116001 | G2: 1 | H2: 6
A3: 551999616 | B3: Peça | C3: CONNECTING PIECE | D3: SHW | E3: Avulsa | F3: 2116001 | G3: 2 | H3: 5
A4: 22B937548 | B4: Peça | C4: MAIN FUSE BOX | D4: BX3 | E4: Avulsa | F4: 2116001 | G4: 1 | H4: 6
A5: 23B201136B | B5: Peça | C5: BLEEDER VALVE | D5: SHW | E5: Avulsa | F5: 2116001 | G5: 1 | H5: D
A6: 23B607085A | B6: Peça | C6: NIPPLE | D6: SHW | E6: Avulsa | F6: 2116001 | G6: 16 | H6: 4xA + 12xC
A7: 23B607085AE | B7: Peça | C7: NIPPLE | D7: SHW | E7: Avulsa | F7: 2116001 | G7: 1 | H7: C
A8: 23B607085AH | B8: Peça | C8: NIPPLE | D8: SHW | E8: Avulsa | F8: 2116001 | G8: 1 | H8: C
A9: 23B607085B | B9: Peça | C9: NIPPLE | D9: SHW | E9: Avulsa | F9: 2116001 | G9: 3 | H9: 2xA + 1xC
A10: 23B607085E | B10: Peça | C10: NIPPLE | D10: SHW | E10: Avulsa | F10: 2116001 | G10: 3 | H10: C
A11: 23B607085N | B11: Peça | C11: NIPPLE | D11: SHW | E11: Avulsa | F11: 2116001 | G11: 2 | H11: 0
A12: 23B607085Q | B12: Peça | C12: NIPPLE | D12: SHW | E12: Avulsa | F12: 2116001 | G12: 6 | H12: 1x4 + 5xC
A13: 23B607085R | B13: Peça | C13: NIPPLE | D13: SHW | E13: Avulsa | F13: 2116001 | G13: 1 | H13: 5
A14: 23B607085S | B14: Peça | C14: NIPPLE | D14: SHW | E14: Avulsa | F14: 2116001 | G14: 4 | H14: 2xA + 2xC
A15: 23B607415 | B15: Peça | C15: STRAP | D15: SHW | E15: Avulsa | F15: 2116001 | G15: 8 | H15: 4
A16: 23P607085 | B16: Peça | C16: NIPPLE | D16: SHW | E16: Avulsa | F16: 2116001 | G16: 2 | H16: C
A17: 2P0611778 | B17: Peça | C17: CLIP | D17: SHW | E17: Avulsa | F17: 2116001 | G17: 1 | H17: 0
A18: 2P0857567F | B18: Peça | C18: COVER | D18: BX2 | E18: Avulsa | F18: 2116001 | G18: 1 | H18: 6
A19: 2P0857813A1NN | B19: Peça | C19: LAP BELT | D19: BX1 | E19: Avulsa | F19: 2116001 | G19: 1 | H19: 6
A20: 2P0915089E | B20: Peça | C20: BATTERY | D20: BX3 | E20: Avulsa | F20: 2116001 | G20: 2 | H20: 6
A21: 2R0012239B | B21: Peça | C21: LEVER | D21: BX3 | E21: Avulsa | F21: 2116001 | G21: 1 | H21: 6
A22: 2R0419635 | B22: Peça | C22: DETENT PART | D22: SHW | E22: Avulsa | F22: 2116001 | G22: 1 | H22: 6
A23: 2R0422705A | B23: Peça | C23: CLIP | D23: SHW | E23: Avulsa | F23: 2116001 | G23: 1 | H23: 5
A24: 2R0422913 | B24: Peça | C24: PECA DE CONEXAO | D24: SHW | E24: Avulsa | F24: 2116001 | G24: 1 | H24: 1
A25: 2R0607261D | B25: Peça | C25: DRAIN VALVE | D25: SHW | E25: Avulsa | F25: 2116001 | G25: 2 | H25: C
A26: 2R0915509A | B26: Peça | C26: CLIP | D26: SHW | E26: Avulsa | F26: 2116001 | G26: 2 | H26: 6
A27: 2R2803875B | B27: Peça | C27: FASTENER | D27: SHW | E27: Avulsa | F27: 2116001 | G27: 5 | H27: 2x6 + 3xC
A28: 2R2803875C | B28: Peça | C28: FASTENER | D28: SHW | E28: Avulsa | F28: 2116001 | G28: 10 | H28: 0
A29: 2R2803877A | B29: Peça | C29: FASTENER | D29: SHW | E29: Avulsa | F29: 2116001 | G29: 6 | H29: 2x0 + 1x3 + 3x6
A30: 2R2803877AA | B30: Peça | C30: FASTENER | D30: SHW | E30: Avulsa | F30: 2116001 | G30: 8 | H30: 0
A31: 2R2803877AE | B31: Peça | C31: FASTENER | D31: SHW | E31: Avulsa | F31: 2116001 | G31: 1 | H31: 3
A32: 2R2803877AL | B32: Peça | C32: FASTENER | D32: SHW | E32: Avulsa | F32: 2116001 | G32: 2 | H32: 1
A33: 2R2803877CP | B33: Peça | C33: FASTENER | D33: SHW | E33: Avulsa | F33: 2116001 | G33: 2 | H33: 5
A34: 2R2803877F | B34: Peça | C34: PECA DE FIXACAO | D34: SHW | E34: Avulsa | F34: 2116001 | G34: 6 | H34: 0
A35: 2R2803877S | B35: Peça | C35: FASTENER | D35: SHW | E35: Avulsa | F35: 2116001 | G35: 2 | H35: 0
A36: 2R2806223 | B36: Peça | C36: BLIND RIVET | D36: SHW | E36: Avulsa | F36: 2116001 | G36: 2 | H36: 7
A37: 2R2945511 | B37: Peça | C37: SWITCH,BRAKE PEDAL | D37: SHW | E37: Avulsa | F37: 2116001 | G37: 2 | H37: C
A38: 2R2971963 | B38: Peça | C38: PIN HOUSING | D38: SHW | E38: Avulsa | F38: 2116001 | G38: 4 | H38: 4
A39: 2RD201735 | B39: M | C39: HEAT SHRINK TUBING | D39: SHW0 | E39: Avulsa | F39: 2116001 | G39: 9.49 | H39: 4,35x2 +
A40: 2RD507141 | B40: Peça | C40: PLUG | D40: SHW | E40: Avulsa | F40: 2116001 | G40: 1 | H40: A
A41: 2RD599179 | B41: Peça | C41: NUT | D41: SHW | E41: Avulsa | F41: 2116001 | G41: 6 | H41: 3
A42: 2RD607999 | B42: Peça | C42: SEALING RING | D42: SHW | E42: Avulsa | F42: 2116001 | G42: 2 | H42: C
A43: 2RD863719 | B43: Peça | C43: SCREW | D43: SHW | E43: Avulsa | F43: 2116001 | G43: 4 | H43: 6
A44: 2RE121255 | B44: Peça | C44: OIL RING | D44: SHW | E44: Avulsa | F44: 2116001 | G44: 1 | H44: 6
A45: 2RE121255F | B45: Peça | C45: ABRAÇADEIRA | D45: SHW | E45: Avulsa | F45: 2116001 | G45: 1 | H45: 6
A46: 2RE145425 | B46: Peça | C46: CLAMP | D46: SHW | E46: Avulsa | F46: 2116001 | G46: 1 | H46: 5
A47: 2RE201511 | B47: Peça | C47: CLAMP | D47: SHW | E47: Avulsa | F47: 2116001 | G47: 1 | H47: D
A48: 2RL201312 | B48: Peça | C48: HEAT SHIELD | D48: BX3 | E48: Avulsa | F48: 2116001 | G48: 1 | H48: 0
A49: 2RL201385 | B49: Peça | C49: SEALING FRAME | D49: BX2 | E49: Avulsa | F49: 2116001 | G49: 2 | H49: D
A50: 2RL599179 | B50: Peça | C50: NUT | D50: SHW | E50: Avulsa | F50: 2116001 | G50: 4 | H50: 3
A51: 2RP253143 | B51: Peça | C51: OIL RING | D51: SHW | E51: Avulsa | F51: 2116001 | G51: 2 | H51: 1x3 +
A52: 2RP253143A | B52: Peça | C52: OIL RING | D52: SHW | E52: Avulsa | F52: 2116001 | G52: 1 | H52: 3
A53: 2RP511409 | B53: Peça | C53: TIE ROD | D53: BX2 | E53: Avulsa | F53: 2116001 | G53: 1 | H53: A
A54: 2RP721489 | B54: Peça | C54: SCREW | D54: SHW | E54: Avulsa | F54: 2116001 | G54: 1 | H54: 6
A55: 2S0201021G | B55: Peça | C55: FUEL TANK | D55: BX3 | E55: Avulsa | F55: 2116001 | G55: 1 | H55: D
A56: 2S0201179 | B56: Peça | C56: BREATHER HOSE | D56: BX3 | E56: Avulsa | F56: 2116001 | G56: 1 | H56: D
A57: 2S2000101Q | B57: Peça | C57: IDENTIFICATION | D57: BX2 | E57: Avulsa | F57: 2116001 | G57: 1 | H57: 7
A58: 2S2145687 | B58: Peça | C58: CLAMP | D58: SHW | E58: Avulsa | F58: 2116001 | G58: 1 | H58: 6
A59: 2S2253143B | B59: Peça | C59: PIPE CLAMP | D59: SHW | E59: Avulsa | F59: 2116001 | G59: 1 | H59: 5
A60: 2S2521109C | B60: Peça | C60: PROPELLER SHAFT,RR | D60: BX2 | E60: Avulsa | F60: 2116001 | G60: 1 | H60: D
A61: 2S2907631 | B61: Peça | C61: SOLENOID VALVE | D61: BX1 | E61: Avulsa | F61: 2116001 | G61: 1 | H61: C
A62: 2T0012219A | B62: Peça | C62: LUG WRENCH | D62: BX3 | E62: Avulsa | F62: 2116001 | G62: 1 | H62: 6
A63: 2T0607251D | B63: Peça | C63: PRESSURE ACCUMULATOR | D63: BX1 | E63: Avulsa | F63: 2116001 | G63: 2 | H63: C
A64: 2T0607313D | B64: Peça | C64: CONEXAO | D64: SHW | E64: Avulsa | F64: 2116001 | G64: 1 | H64: C
A65: 2T0607313E | B65: Peça | C65: CONNECTING PIECE | D65: SHW | E65: Avulsa | F65: 2116001 | G65: 1 | H65: C
A66: 2T0607359D | B66: Peça | C66: FOUR-WAY VALVE | D66: BX3 | E66: Avulsa | F66: 2116001 | G66: 1 | H66: C
A67: 2T0607359G | B67: Peça | C67: FOUR-WAY VALVE | D67: BX1 | E67: Avulsa | F67: 2116001 | G67: 1 | H67: C
A68: 2T0804919 | B68: Peça | C68: WASHER | D68: SHW | E68: Avulsa | F68: 2116001 | G68: 4 | H68: 5
A69: 2T0915519 | B69: Peça | C69: BATTERY SWITCH | D69: BX3 | E69: Avulsa | F69: 2116001 | G69: 1 | H69: 5
A70: 2T0971255 | B70: Peça | C70: LINE | D70: BX3 | E70: Avulsa | F70: 2116001 | G70: 1 | H70: 6
A71: 2T2129642B | B71: Peça | C71: PIPE CLAMP | D71: SHW | E71: Avulsa | F71: 2116001 | G71: 2 | H71: 6
A72: 2T2201260A | B72: Peça | C72: BRACKET | D72: BX2 | E72: Avulsa | F72: 2116001 | G72: 2 | H72: 0
A73: 2T2253143J | B73: Peça | C73: PIPE CLAMP | D73: SHW | E73: Avulsa | F73: 2116001 | G73: 1 | H73: 3
A74: 2T2411077 | B74: Peça | C74: BRACKET | D74: BX2 | E74: Avulsa | F74: 2116001 | G74: 2 | H74: B
A75: 2T2601173 | B75: Peça | C75: CAP,WHEEL BOLT | D75: SHW | E75: Avulsa | F75: 2116001 | G75: 20 | H75: 4
A76: 2T2601371 | B76: Peça | C76: VALVE BODY | D76: SHW | E76: Avulsa | F76: 2116001 | G76: 2 | H76: 3
A77: 2T2607316D | B77: Peça | C77: DISTRIBUTOR | D77: SHW | E77: Avulsa | F77: 2116001 | G77: 1 | H77: B
A78: 2T2607363M | B78: Peça | C78: BRACKET | D78: BX1 | E78: Avulsa | F78: 2116001 | G78: 1 | H78: C
A79: 2T2607373AK | B79: Peça | C79: SECADOR | D79: BX1 | E79: Avulsa | F79: 2116001 | G79: 1 | H79: C
A80: 2T4201551 | B80: Peça | C80: CAP | D80: BX3 | E80: Avulsa | F80: 2116001 | G80: 1 | H80: D
A81: 2TA265220 | B81: Peça | C81: CABLE CLIP | D81: SHW | E81: Avulsa | F81: 2116001 | G81: 3 | H81: 1x2 + 2x6
A82: 2TB607251A | B82: Peça | C82: PRESSURE ACCUMULATOR | D82: BX1 | E82: Avulsa | F82: 2116001 | G82: 1 | H82: C
A83: 2TB607515A | B83: Peça | C83: ADAPTER | D83: SHW | E83: Avulsa | F83: 2116001 | G83: 3 | H83: C
A84: 2TB608821 | B84: Peça | C84: ADAPTER | D84: SHW | E84: Avulsa | F84: 2116001 | G84: 1 | H84: 1
A85: 2TD121255 | B85: Peça | C85: CLAMP | D85: SHW | E85: Avulsa | F85: 2116001 | G85: 2 | H85: 5
A86: 2TE117273 | B86: Peça | C86: CLAMP | D86: SHW | E86: Avulsa | F86: 2116001 | G86: 2 | H86: 5
A87: 2TG521151 | B87: Peça | C87: MOUNTING FLANGE | D87: SHW | E87: Avulsa | F87: 2116001 | G87: 8 | H87: 2x3 + 2x5 + 2xD +
A88: 2TJ511151 | B88: Peça | C88: LEAF SPRING | D88: BX2 | E88: Avulsa | F88: 2116001 | G88: 1 | H88: A
A89: 2TJ511152 | B89: Peça | C89: LEAF SPRING | D89: BX2 | E89: Avulsa | F89: 2116001 | G89: 1 | H89: A
A90: 2TJ511315 | B90: Peça | C90: BRACKET | D90: BX2 | E90: Avulsa | F90: 2116001 | G90: 1 | H90: A
A91: 2TJ511316 | B91: Peça | C91: BRACKET | D91: BX2 | E91: Avulsa | F91: 2116001 | G91: 1 | H91: A
A92: 2TK507515 | B92: Peça | C92: HOSE | D92: BX3 | E92: Avulsa | F92: 2116001 | G92: 1 | H92: A
A93: 2U2607262 | B93: Peça | C93: PRESSURE CONTROL | D93: BX3 | E93: Avulsa | F93: 2116001 | G93: 1 | H93: C
A94: 2U2607891H | B94: Peça | C94: BRACKET | D94: BX3 | E94: Avulsa | F94: 2116001 | G94: 1 | H94: C
A95: 2U2915516 | B95: Peça | C95: SUPORTE | D95: BX1 | E95: Avulsa | F95: 2116001 | G95: 1 | H95: 0
A96: 2V2607891B | B96: Peça | C96: BRACKET | D96: BX1 | E96: Avulsa | F96: 2116001 | G96: 3 | H96: 0
A97: 2V2971739 | B97: Peça | C97: CLIP | D97: SHW | E97: Avulsa | F97: 2116001 | G97: 10 | H97: 2x2 + 8x6
A98: 2VB863708 | B98: Peça | C98: INSULATING PIECE | D98: SHW | E98: Avulsa | F98: 2116001 | G98: 4 | H98: 6
A99: 2VF607161B | B99: Peça | C99: ANEL VEDACAO | D99: SHW | E99: Avulsa | F99: 2116001 | G99: 2 | H99: C
A100: 2VF607789 | B100: Peça | C100: PORCA DE CONEXAO | D100: SHW | E100: Avulsa | F100: 2116001 | G100: 2 | H100: C
...

Sheet BOM
B2: xKD BoM 2024 | C2: Fecha de revisión | D2: 45953
B3: VW ARG - Cordoba
A5: 1 | B5: 2 | C5: 3 | D5: 4 | E5: 5 | F5: 6 | G5: 7 | H5: 8 | I5: 9 | J5: 10 | K5: 11 | L5: 12 | M5: 13 | N5: 14 | O5: 15 | P5: 16 | Q5: 17 | R5: 18 | S5: 19 | T5: 20 | U5: 21 | V5: 22 | W5: 23 | X5: 24 | Y5: 25 | Z5: 26 | AA5: 27 | AB5: 28
G6: 9170.TBXSH1.4000 | I6: 11180.TBETV1.4600 | K6: 17.280.24LD5B.4800 | M6: 17280.24JC5B.4340 | O6: 17280.24LC5B.4340 | Q6: 17280.24JD5B.4800 | S6: 17280.27CA5B.3560 | U6: 15190OD.2WLJEB.5180 | Y6: 9.180 TBXSS1 | AA6: 11.180 TBETS1
A7: PARTNUMBER | B7: UM | C7: DESCRIÇÃO INGLÊS | D7: DESCRIÇÃO PORTUGUÊS | E7: BOX | F7: ORIGEM | G7: Cant. | H7: Puesto | I7: Cant.2 | J7: Puesto2 | K7: Cant.3 | L7: Puesto3 | M7: Cant.4 | N7: Puesto4 | O7: Cant.5 | P7: Puesto5 | Q7: Cant.6 | R7: Puesto6 | S7: Cant.7 | T7: Puesto7 | U7: Cant.8 | V7: Puesto8 | W7: Módulo SHW minutería | X7: EMBALAJE | Y7: Cant.9 | Z7: Puesto9 | AA7: Cant.10 | AB7: Puesto10
A8: 357971939 | B8: Peça | C8: KABELKLEMME | D8: KABELKLEMME | E8: SHW | F8: Avulsa | O8: 3 | P8: 6 | W8: 24 | X8: KLT 3214
A9: 377860250 | B9: Peça | C9: WARNING TRIANGLE | D9: TRIANGULO DE SEG | E9: BX1 | F9: Avulsa | H9: =IF(Prueba[[#This Row],[Cant.]]=0,"",IF(OR(Prueba[[#This Row],[Cant.2]]="",Prueba[[#This Row],[Puesto2]]=""),"?",Prueba[[#This Row],[Puesto2]])) | N9: =IF(Prueba[[#This Row],[Cant.4]]=0,"",IF(OR(Prueba[[#This Row],[Cant.6]]="",Prueba[[#This Row],[Puesto6]]=""),"?",Prueba[[#This Row],[Puesto6]])) | P9: =IF(Prueba[[#This Row],[Cant.5]]=0,"",IF(OR(Prueba[[#This Row],[Cant.6]]="",Prueba[[#This Row],[Puesto6]]=""),"?",Prueba[[#This Row],[Puesto6]])) | U9: 1 | V9: 6 | X9: Pieza individual
A10: 2376119871 | B10: Peça | C10: SCHELLE | D10: PRENDEDOR PARA CABO | E10: SHW | F10: Avulsa | H10: =IF(Prueba[[#This Row],[Cant.]]=0,"",IF(OR(Prueba[[#This Row],[Cant.2]]="",Prueba[[#This Row],[Puesto2]]=""),"?",Prueba[[#This Row],[Puesto2]])) | K10: 3 | M10: 4 | N10: =IF(Prueba[[#This Row],[Cant.4]]=0,"",IF(OR(Prueba[[#This Row],[Cant.6]]="",Prueba[[#This Row],[Puesto6]]=""),"?",Prueba[[#This Row],[Puesto6]])) -> 6 | O10: 4 | P10: =IF(Prueba[[#This Row],[Cant.5]]=0,"",IF(OR(Prueba[[#This Row],[Cant.6]]="",Prueba[[#This Row],[Puesto6]]=""),"?",Prueba[[#This Row],[Puesto6]])) -> 6 | Q10: 4 | R10: 6 | S10: 3 | T10: 6 | W10: 32 | X10: KLT 3214
A11: 2376119872 | C11: PIPE CLAMP | D11: PIPE CLAMP | E11: SHW | W11: 16 | X11: KLT 3214 | Y11: 2 | Z11: 5 | AA11: 2 | AB11: 5
A12: 07W145287 | B12: Peça | C12: BUSH | D12: BUCHA USB | E12: SHW | F12: Avulsa | H12: =IF(Prueba[[#This Row],[Cant.]]=0,"",IF(OR(Prueba[[#This Row],[Cant.2]]="",Prueba[[#This Row],[Puesto2]]=""),"?",Prueba[[#This Row],[Puesto2]])) | K12: 1 | M12: 1 | N12: =IF(Prueba[[#This Row],[Cant.4]]=0,"",IF(OR(Prueba[[#This Row],[Cant.6]]="",Prueba[[#This Row],[Puesto6]]=""),"?",Prueba[[#This Row],[Puesto6]])) -> 5 | O12: 1 | P12: =IF(Prueba[[#This Row],[Cant.5]]=0,"",IF(OR(Prueba[[#This Row],[Cant.6]]="",Prueba[[#This Row],[Puesto6]]=""),"?",Prueba[[#This Row],[Puesto6]])) -> 5 | Q12: 1 | R12: 5 | W12: 8 | X12: KLT 3214
A13: 07W145933 | B13: Peça | C13: CORREIA POLY-V | D13: CORREIA POLY | E13: SHW | F13: Avulsa | H13: =IF(Prueba[[#This Row],[Cant.]]=0,"",IF(OR(Prueba[[#This Row],[Cant.2]]="",Prueba[[#This Row],[Puesto2]]=""),"?",Prueba[[#This Row],[Puesto2]])) | N13: =IF(Prueba[[#This Row],[Cant.4]]=0,"",IF(OR(Prueba[[#This Row],[Cant.6]]="",Prueba[[#This Row],[Puesto6]]=""),"?",Prueba[[#This Row],[Puesto6]])) | P13: =IF(Prueba[[#This Row],[Cant.5]]=0,"",IF(OR(Prueba[[#This Row],[Cant.6]]="",Prueba[[#This Row],[Puesto6]]=""),"?",Prueba[[#This Row],[Puesto6]])) | W13: 0 | X13: KLT 3214
A14: 1J0121321B | B14: Peça | C14: COVER | D14: TAMPA DO RESERVATORIO DE COMPENSACA | E14: BX3 | F14: Avulsa | G14: 1 | H14: =IF(Prueba[[#This Row],[Cant.]]=0,"",IF(OR(Prueba[[#This Row],[Cant.2]]="",Prueba[[#This Row],[Puesto2]]=""),"?",Prueba[[#This Row],[Puesto2]])) -> 5 | I14: 1 | J14: 5 | K14: 1 | M14: 1 | N14: =IF(Prueba[[#This Row],[Cant.4]]=0,"",IF(OR(Prueba[[#This Row],[Cant.6]]="",Prueba[[#This Row],[Puesto6]]=""),"?",Prueba[[#This Row],[Puesto6]])) -> 6 | O14: 1 | P14: =IF(Prueba[[#This Row],[Cant.5]]=0,"",IF(OR(Prueba[[#This Row],[Cant.6]]="",Prueba[[#This Row],[Puesto6]]=""),"?",Prueba[[#This Row],[Puesto6]])) -> 6 | Q14: 1 | R14: 6 | S14: 1 | T14: 6 | X14: Pieza individual | Y14: 1 | Z14: 5 | AA14: 1 | AB14: 5
A15: 22B201100 | B15: Peça | C15: NIPPLE | D15: CONECTOR TUBULACAO COMBUSTIVEL USO AUTOM | E15: SHW | F15: Avulsa | H15: =IF(Prueba[[#This Row],[Cant.]]=0,"",IF(OR(Prueba[[#This Row],[Cant.2]]="",Prueba[[#This Row],[Puesto2]]=""),"?",Prueba[[#This Row],[Puesto2]])) | K15: 2 | N15: =IF(Prueba[[#This Row],[Cant.4]]=0,"",IF(OR(Prueba[[#This Row],[Cant.6]]="",Prueba[[#This Row],[Puesto6]]=""),"?",Prueba[[#This Row],[Puesto6]])) | P15: =IF(Prueba[[#This Row],[Cant.5]]=0,"",IF(OR(Prueba[[#This Row],[Cant.6]]="",Prueba[[#This Row],[Puesto6]]=""),"?",Prueba[[#This Row],[Puesto6]])) | W15: 16 | X15: KLT 3214
A16: 22B201512B | B16: Peça | C16: FILTER WITH PRESSU | D16: FILTRO COMBUSTIVEL PARA USO AUTOMOTIVO | E16: BX1 | F16: Avulsa | H16: =IF(Prueba[[#This Row],[Cant.]]=0,"",IF(OR(Prueba[[#This Row],[Cant.2]]="",Prueba[[#This Row],[Puesto2]]=""),"?",Prueba[[#This Row],[Puesto2]])) | K16: 1 | M16: 1 | N16: =IF(Prueba[[#This Row],[Cant.4]]=0,"",IF(OR(Prueba[[#This Row],[Cant.6]]="",Prueba[[#This Row],[Puesto6]]=""),"?",Prueba[[#This Row],[Puesto6]])) -> 1 | O16: 1 | P16: =IF(Prueba[[#This Row],[Cant.5]]=0,"",IF(OR(Prueba[[#This Row],[Cant.6]]="",Prueba[[#This Row],[Puesto6]]=""),"?",Prueba[[#This Row],[Puesto6]])) -> 1 | Q16: 1 | R16: 1 | S16: 1 | T16: 1 | X16: Pieza individual
A17: 22B607359 | B17: Peça | C17: FOUR-WAY VALVE | D17: VALVULA | E17: BX1 | F17: Avulsa | G17: 1 | H17: =IF(Prueba[[#This Row],[Cant.]]=0,"",IF(OR(Prueba[[#This Row],[Cant.2]]="",Prueba[[#This Row],[Puesto2]]=""),"?",Prueba[[#This Row],[Puesto2]])) -> C | I17: 1 | J17: C | N17: =IF(Prueba[[#This Row],[Cant.4]]=0,"",IF(OR(Prueba[[#This Row],[Cant.6]]="",Prueba[[#This Row],[Puesto6]]=""),"?",Prueba[[#This Row],[Puesto6]])) | P17: =IF(Prueba[[#This Row],[Cant.5]]=0,"",IF(OR(Prueba[[#This Row],[Cant.6]]="",Prueba[[#This Row],[Puesto6]]=""),"?",Prueba[[#This Row],[Puesto6]])) | X17: Pieza individual
A18: 22B937548 | B18: Peça | C18: MAIN FUSE BOX | D18: CAIXA FUSIVEL PRINCIPAL | E18: BX3 | F18: Avulsa | H18: =IF(Prueba[[#This Row],[Cant.]]=0,"",IF(OR(Prueba[[#This Row],[Cant.2]]="",Prueba[[#This Row],[Puesto2]]=""),"?",Prueba[[#This Row],[Puesto2]])) | N18: =IF(Prueba[[#This Row],[Cant.4]]=0,"",IF(OR(Prueba[[#This Row],[Cant.6]]="",Prueba[[#This Row],[Puesto6]]=""),"?",Prueba[[#This Row],[Puesto6]])) | P18: =IF(Prueba[[#This Row],[Cant.5]]=0,"",IF(OR(Prueba[[#This Row],[Cant.6]]="",Prueba[[#This Row],[Puesto6]]=""),"?",Prueba[[#This Row],[Puesto6]])) | U18: 1 | V18: 6 | X18: Pieza individual
A19: 2376119872 | B19: Peça | C19: PIPE CLAMP | D19: BRACADEIRA | E19: SHW | F19: Avulsa | G19: 1 | H19: =IF(Prueba[[#This Row],[Cant.]]=0,"",IF(OR(Prueba[[#This Row],[Cant.2]]="",Prueba[[#This Row],[Puesto2]]=""),"?",Prueba[[#This Row],[Puesto2]])) -> 5 | I19: 1 | J19: 5 | N19: =IF(Prueba[[#This Row],[Cant.4]]=0,"",IF(OR(Prueba[[#This Row],[Cant.6]]="",Prueba[[#This Row],[Puesto6]]=""),"?",Prueba[[#This Row],[Puesto6]])) | P19: =IF(Prueba[[#This Row],[Cant.5]]=0,"",IF(OR(Prueba[[#This Row],[Cant.6]]="",Prueba[[#This Row],[Puesto6]]=""),"?",Prueba[[#This Row],[Puesto6]])) | W19: 8 | X19: KLT 3214
A20: 23A131983B | B20: Peça | C20: TUBULACAO | D20: TUBO PLASTICO RESERVATORIO ADBLUE | E20: BX3 | F20: Avulsa | G20: 1 | H20: =IF(Prueba[[#This Row],[Cant.]]=0,"",IF(OR(Prueba[[#This Row],[Cant.2]]="",Prueba[[#This Row],[Puesto2]]=""),"?",Prueba[[#This Row],[Puesto2]])) -> 2 | I20: 1 | J20: 2 | N20: =IF(Prueba[[#This Row],[Cant.4]]=0,"",IF(OR(Prueba[[#This Row],[Cant.6]]="",Prueba[[#This Row],[Puesto6]]=""),"?",Prueba[[#This Row],[Puesto6]])) | P20: =IF(Prueba[[#This Row],[Cant.5]]=0,"",IF(OR(Prueba[[#This Row],[Cant.6]]="",Prueba[[#This Row],[Puesto6]]=""),"?",Prueba[[#This Row],[Puesto6]])) | X20: Pieza individual
A21: 23A131983D | B21: Peça | C21: TUBULACAO | D21: TUBO DE PLASTICO PARA ALIMENTACAO | E21: BX3 | F21: Avulsa | G21: 1 | H21: =IF(Prueba[[#This Row],[Cant.]]=0,"",IF(OR(Prueba[[#This Row],[Cant.2]]="",Prueba[[#This Row],[Puesto2]]=""),"?",Prueba[[#This Row],[Puesto2]])) -> 2 | I21: 1 | J21: 2 | N21: =IF(Prueba[[#This Row],[Cant.4]]=0,"",IF(OR(Prueba[[#This Row],[Cant.6]]="",Prueba[[#This Row],[Puesto6]]=""),"?",Prueba[[#This Row],[Puesto6]])) | P21: =IF(Prueba[[#This Row],[Cant.5]]=0,"",IF(OR(Prueba[[#This Row],[Cant.6]]="",Prueba[[#This Row],[Puesto6]]=""),"?",Prueba[[#This Row],[Puesto6]])) | X21: Pieza individual | Y21: 1 | Z21: 2 | AA21: 1 | AB21: 2
A22: 23A131983E | B22: Peça | C22: TUBULACAO | D22: TUBO PLAST RETORNO RESERVATORIO ADBLUE | E22: BX3 | F22: Avulsa | G22: 1 | H22: =IF(Prueba[[#This Row],[Cant.]]=0,"",IF(OR(Prueba[[#This Row],[Cant.2]]="",Prueba[[#This Row],[Puesto2]]=""),"?",Prueba[[#This Row],[Puesto2]])) -> 2 | I22: 1 | J22: 2 | N22: =IF(Prueba[[#This Row],[Cant.4]]=0,"",IF(OR(Prueba[[#This Row],[Cant.6]]="",Prueba[[#This Row],[Puesto6]]=""),"?",Prueba[[#This Row],[Puesto6]])) | P22: =IF(Prueba[[#This Row],[Cant.5]]=0,"",IF(OR(Prueba[[#This Row],[Cant.6]]="",Prueba[[#This Row],[Puesto6]]=""),"?",Prueba[[#This Row],[Puesto6]])) | X22: Pieza individual | Y22: 1 | Z22: 2 | AA22: 1 | AB22: 2
A23: 23A201353C | B23: Peça | C23: TUBULACAO COMBUST. | D23: TUBO PLAST P TANQUE PRE FILTRO USO AUTO | E23: BX1 | F23: Avulsa | G23: 1 | H23: =IF(Prueba[[#This Row],[Cant.]]=0,"",IF(OR(Prueba[[#This Row],[Cant.2]]="",Prueba[[#This Row],[Puesto2]]=""),"?",Prueba[[#This Row],[Puesto2]])) -> 5 | I23: 1 | J23: 5 | N23: =IF(Prueba[[#This Row],[Cant.4]]=0,"",IF(OR(Prueba[[#This Row],[Cant.6]]="",Prueba[[#This Row],[Puesto6]]=""),"?",Prueba[[#This Row],[Puesto6]])) | P23: =IF(Prueba[[#This Row],[Cant.5]]=0,"",IF(OR(Prueba[[#This Row],[Cant.6]]="",Prueba[[#This Row],[Puesto6]]=""),"?",Prueba[[#This Row],[Puesto6]])) | X23: Pieza individual
A24: 23A201512 | B24: Peça | C24: FILTROCOMBUSTIVEL | D24: FILTRO DE COMBUSTIVEL P USO AUTOMOTIVO | E24: BX1 | F24: Avulsa | G24: 1 | H24: =IF(Prueba[[#This Row],[Cant.]]=0,"",IF(OR(Prueba[[#This Row],[Cant.2]]="",Prueba[[#This Row],[Puesto2]]=""),"?",Prueba[[#This Row],[Puesto2]])) -> 4 | I24: 1 | J24: 4 | N24: =IF(Prueba[[#This Row],[Cant.4]]=0,"",IF(OR(Prueba[[#This Row],[Cant.6]]="",Prueba[[#This Row],[Puesto6]]=""),"?",Prueba[[#This Row],[Puesto6]])) | P24: =IF(Prueba[[#This Row],[Cant.5]]=0,"",IF(OR(Prueba[[#This Row],[Cant.6]]="",Prueba[[#This Row],[Puesto6]]=""),"?",Prueba[[#This Row],[Puesto6]])) | X24: Pieza individual
A25: 23A253319 | B25: Peça | C25: SUPORTE | D25: SUPORTE DO CATALISADOR TRAS P USO AUTO | E25: BX1 | F25: Avulsa | G25: 1 | H25: =IF(Prueba[[#This Row],[Cant.]]=0,"",IF(OR(Prueba[[#This Row],[Cant.2]]="",Prueba[[#This Row],[Puesto2]]=""),"?",Prueba[[#This Row],[Puesto2]])) -> 0 | I25: 1 | J25: 0 | N25: =IF(Prueba[[#This Row],[Cant.4]]=0,"",IF(OR(Prueba[[#This Row],[Cant.6]]="",Prueba[[#This Row],[Puesto6]]=""),"?",Prueba[[#This Row],[Puesto6]])) | P25: =IF(Prueba[[#This Row],[Cant.5]]=0,"",IF(OR(Prueba[[#This Row],[Cant.6]]="",Prueba[[#This Row],[Puesto6]]=""),"?",Prueba[[#This Row],[Puesto6]])) | X25: Pieza individual | Y25: 1 | Z25: 0 | AA25: 1 | AB25: 0
A26: 23A253319A | B26: Peça | C26: SUPORTE | D26: SUPORTE DO CATALISADOR TRAS P USO AUTO | E26: BX1 | F26: Avulsa | G26: 1 | H26: =IF(Prueba[[#This Row],[Cant.]]=0,"",IF(OR(Prueba[[#This Row],[Cant.2]]="",Prueba[[#This Row],[Puesto2]]=""),"?",Prueba[[#This Row],[Puesto2]])) -> 0 | I26: 1 | J26: 0 | N26: =IF(Prueba[[#This Row],[Cant.4]]=0,"",IF(OR(Prueba[[#This Row],[Cant.6]]="",Prueba[[#This Row],[Puesto6]]=""),"?",Prueba[[#This Row],[Puesto6]])) | P26: =IF(Prueba[[#This Row],[Cant.5]]=0,"",IF(OR(Prueba[[#This Row],[Cant.6]]="",Prueba[[#This Row],[Puesto6]]=""),"?",Prueba[[#This Row],[Puesto6]])) | X26: Pieza individual | Y26: 1 | Z26: 0 | AA26: 1 | AB26: 0
A27: 23A254253 | B27: Peça | C27: CONVERSORCATALIT. | D27: CONVERSOR CATALITICO PARA USO AUTOMOTIVO | E27: BX3 | F27: Avulsa | G27: 1 | H27: =IF(Prueba[[#This Row],[Cant.]]=0,"",IF(OR(Prueba[[#This Row],[Cant.2]]="",Prueba[[#This Row],[Puesto2]]=""),"?",Prueba[[#This Row],[Puesto2]])) -> C | I27: 1 | J27: C | N27: =IF(Prueba[[#This Row],[Cant.4]]=0,"",IF(OR(Prueba[[#This Row],[Cant.6]]="",Prueba[[#This Row],[Puesto6]]=""),"?",Prueba[[#This Row],[Puesto6]])) | P27: =IF(Prueba[[#This Row],[Cant.5]]=0,"",IF(OR(Prueba[[#This Row],[Cant.6]]="",Prueba[[#This Row],[Puesto6]]=""),"?",Prueba[[#This Row],[Puesto6]])) | X27: Pieza individual | Y27: 1 | Z27: C | AA27: 1 | AB27: C
A28: 23B000013LI9A | B28: Peça | D28: CABINA | E28: C01 | F28: Avulsa | G28: 1 | H28: 6 | N28: =IF(Prueba[[#This Row],[Cant.4]]=0,"",IF(OR(Prueba[[#This Row],[Cant.6]]="",Prueba[[#This Row],[Puesto6]]=""),"?",Prueba[[#This Row],[Puesto6]])) | P28: =IF(Prueba[[#This Row],[Cant.5]]=0,"",IF(OR(Prueba[[#This Row],[Cant.6]]="",Prueba[[#This Row],[Puesto6]]=""),"?",Prueba[[#This Row],[Puesto6]])) | X28: Pieza individual | Y28: 1 | Z28: 6
A29: 23B000013MI9A | B29: Peça | C29: Cab | D29: KIT CABINE | E29: C01 | F29: Avulsa | H29: =IF(Prueba[[#This Row],[Cant.]]=0,"",IF(OR(Prueba[[#This Row],[Cant.2]]="",Prueba[[#This Row],[Puesto2]]=""),"?",Prueba[[#This Row],[Puesto2]])) | I29: 1 | J29: 6 | N29: =IF(Prueba[[#This Row],[Cant.4]]=0,"",IF(OR(Prueba[[#This Row],[Cant.6]]="",Prueba[[#This Row],[Puesto6]]=""),"?",Prueba[[#This Row],[Puesto6]])) | P29: =IF(Prueba[[#This Row],[Cant.5]]=0,"",IF(OR(Prueba[[#This Row],[Cant.6]]="",Prueba[[#This Row],[Puesto6]]=""),"?",Prueba[[#This Row],[Puesto6]])) | X29: Pieza individual
A30: 23B000013NI9A | C30: Cab | D30: Cab | E30: C01 | H30: =IF(Prueba[[#This Row],[Cant.]]=0,"",IF(OR(Prueba[[#This Row],[Cant.2]]="",Prueba[[#This Row],[Puesto2]]=""),"?",Prueba[[#This Row],[Puesto2]])) | N30: =IF(Prueba[[#This Row],[Cant.4]]=0,"",IF(OR(Prueba[[#This Row],[Cant.6]]="",Prueba[[#This Row],[Puesto6]]=""),"?",Prueba[[#This Row],[Puesto6]])) | P30: =IF(Prueba[[#This Row],[Cant.5]]=0,"",IF(OR(Prueba[[#This Row],[Cant.6]]="",Prueba[[#This Row],[Puesto6]]=""),"?",Prueba[[#This Row],[Puesto6]])) | X30: Pieza individual | AA30: 1 | AB30: 6
A31: 23B000013RI9A | C31: CABIN | D31: CABIN | E31: C01 | H31: =IF(Prueba[[#This Row],[Cant.]]=0,"",IF(OR(Prueba[[#This Row],[Cant.2]]="",Prueba[[#This Row],[Puesto2]]=""),"?",Prueba[[#This Row],[Puesto2]])) | N31: =IF(Prueba[[#This Row],[Cant.4]]=0,"",IF(OR(Prueba[[#This Row],[Cant.6]]="",Prueba[[#This Row],[Puesto6]]=""),"?",Prueba[[#This Row],[Puesto6]])) | P31: =IF(Prueba[[#This Row],[Cant.5]]=0,"",IF(OR(Prueba[[#This Row],[Cant.6]]="",Prueba[[#This Row],[Puesto6]]=""),"?",Prueba[[#This Row],[Puesto6]])) | X31: Pieza individual | AA31: 1 | AB31: 6
A32: 23B000013SI9A | C32: CABIN | D32: CABIN | E32: C01 | H32: =IF(Prueba[[#This Row],[Cant.]]=0,"",IF(OR(Prueba[[#This Row],[Cant.2]]="",Prueba[[#This Row],[Puesto2]]=""),"?",Prueba[[#This Row],[Puesto2]])) | N32: =IF(Prueba[[#This Row],[Cant.4]]=0,"",IF(OR(Prueba[[#This Row],[Cant.6]]="",Prueba[[#This Row],[Puesto6]]=""),"?",Prueba[[#This Row],[Puesto6]])) | P32: =IF(Prueba[[#This Row],[Cant.5]]=0,"",IF(OR(Prueba[[#This Row],[Cant.6]]="",Prueba[[#This Row],[Puesto6]]=""),"?",Prueba[[#This Row],[Puesto6]])) | X32: Pieza individual | Y32: 1 | Z32: 6
A33: 23B000451 | B33: Peça | C33: ETIQUETA ADVERTENENCIA | D33: ETIQUETA ADVERTEN. | E33: SHW | F33: Avulsa | G33: 1 | H33: =IF(Prueba[[#This Row],[Cant.]]=0,"",IF(OR(Prueba[[#This Row],[Cant.2]]="",Prueba[[#This Row],[Puesto2]]=""),"?",Prueba[[#This Row],[Puesto2]])) -> D | I33: 1 | J33: D | K33: 1 | M33: 2 | N33: =IF(Prueba[[#This Row],[Cant.4]]=0,"",IF(OR(Prueba[[#This Row],[Cant.6]]="",Prueba[[#This Row],[Puesto6]]=""),"?",Prueba[[#This Row],[Puesto6]])) -> D | O33: 1 | P33: =IF(Prueba[[#This Row],[Cant.5]]=0,"",IF(OR(Prueba[[#This Row],[Cant.6]]="",Prueba[[#This Row],[Puesto6]]=""),"?",Prueba[[#This Row],[Puesto6]])) -> D | Q33: 2 | R33: D | S33: 1 | T33: D | W33: 16 | X33: KLT 3214 | Y33: 2 | Z33: D | AA33: 2 | AB33: D
A34: 23B000451A | B34: Peça | C34: STICKER | D34: STICKER | E34: SHW | F34: Avulsa | G34: 1 | H34: D | N34: =IF(Prueba[[#This Row],[Cant.4]]=0,"",IF(OR(Prueba[[#This Row],[Cant.6]]="",Prueba[[#This Row],[Puesto6]]=""),"?",Prueba[[#This Row],[Puesto6]])) | P34: =IF(Prueba[[#This Row],[Cant.5]]=0,"",IF(OR(Prueba[[#This Row],[Cant.6]]="",Prueba[[#This Row],[Puesto6]]=""),"?",Prueba[[#This Row],[Puesto6]])) | W34: 8 | X34: KLT 3214
A35: 23B000911A | B35: Peça | C35: ETIQUETA ADESIVA | D35: ETIQUETA ADESIVA | E35: SHW | F35: Avulsa | H35: =IF(Prueba[[#This Row],[Cant.]]=0,"",IF(OR(Prueba[[#This Row],[Cant.2]]="",Prueba[[#This Row],[Puesto2]]=""),"?",Prueba[[#This Row],[Puesto2]])) | K35: 2 | M35: 2 | N35: =IF(Prueba[[#This Row],[Cant.4]]=0,"",IF(OR(Prueba[[#This Row],[Cant.6]]="",Prueba[[#This Row],[Puesto6]]=""),"?",Prueba[[#This Row],[Puesto6]])) -> 4 | O35: 2 | P35: =IF(Prueba[[#This Row],[Cant.5]]=0,"",IF(OR(Prueba[[#This Row],[Cant.6]]="",Prueba[[#This Row],[Puesto6]]=""),"?",Prueba[[#This Row],[Puesto6]])) -> 4 | Q35: 2 | R35: 4 | S35: 1 | T35: 4 | W35: 16 | X35: KLT 3214
A36: 23B100009E | B36: Peça | C36: ENGINE,TRANSMISS | D36: MOTOR/TRANSMISSAO | E36: C04 | F36: Avulsa | H36: =IF(Prueba[[#This Row],[Cant.]]=0,"",IF(OR(Prueba[[#This Row],[Cant.2]]="",Prueba[[#This Row],[Puesto2]]=""),"?",Prueba[[#This Row],[Puesto2]])) | I36: 1 | J36: 5 | N36: =IF(Prueba[[#This Row],[Cant.4]]=0,"",IF(OR(Prueba[[#This Row],[Cant.6]]="",Prueba[[#This Row],[Puesto6]]=""),"?",Prueba[[#This Row],[Puesto6]])) | P36: =IF(Prueba[[#This Row],[Cant.5]]=0,"",IF(OR(Prueba[[#This Row],[Cant.6]]="",Prueba[[#This Row],[Puesto6]]=""),"?",Prueba[[#This Row],[Puesto6]])) | X36: Pieza individual
A37: 23B100009F | B37: Peça | D37: MOTOR/TRANSMISSÃO | E37: C04 | F37: Avulsa | G37: 1 | H37: 5 | N37: =IF(Prueba[[#This Row],[Cant.4]]=0,"",IF(OR(Prueba[[#This Row],[Cant.6]]="",Prueba[[#This Row],[Puesto6]]=""),"?",Prueba[[#This Row],[Puesto6]])) | P37: =IF(Prueba[[#This Row],[Cant.5]]=0,"",IF(OR(Prueba[[#This Row],[Cant.6]]="",Prueba[[#This Row],[Puesto6]]=""),"?",Prueba[[#This Row],[Puesto6]])) | X37: Pieza individual | Y37: 1 | Z37: 5
A38: 23B100009G | C38: ENGINE,TRANSMISS | D38: ENGINE,TRANSMISS | E38: C04 | H38: =IF(Prueba[[#This Row],[Cant.]]=0,"",IF(OR(Prueba[[#This Row],[Cant.2]]="",Prueba[[#This Row],[Puesto2]]=""),"?",Prueba[[#This Row],[Puesto2]])) | N38: =IF(Prueba[[#This Row],[Cant.4]]=0,"",IF(OR(Prueba[[#This Row],[Cant.6]]="",Prueba[[#This Row],[Puesto6]]=""),"?",Prueba[[#This Row],[Puesto6]])) | P38: =IF(Prueba[[#This Row],[Cant.5]]=0,"",IF(OR(Prueba[[#This Row],[Cant.6]]="",Prueba[[#This Row],[Puesto6]]=""),"?",Prueba[[#This Row],[Puesto6]])) | X38: Pieza individual | Y38: 1 | Z38: 5 | AA38: 1 | AB38: 5
A39: 23B100009K | C39: ENGINE,TRANSMISS. | D39: ENGINE,TRANSMISS. | E39: C04 | H39: =IF(Prueba[[#This Row],[Cant.]]=0,"",IF(OR(Prueba[[#This Row],[Cant.2]]="",Prueba[[#This Row],[Puesto2]]=""),"?",Prueba[[#This Row],[Puesto2]])) | N39: =IF(Prueba[[#This Row],[Cant.4]]=0,"",IF(OR(Prueba[[#This Row],[Cant.6]]="",Prueba[[#This Row],[Puesto6]]=""),"?",Prueba[[#This Row],[Puesto6]])) | P39: =IF(Prueba[[#This Row],[Cant.5]]=0,"",IF(OR(Prueba[[#This Row],[Cant.6]]="",Prueba[[#This Row],[Puesto6]]=""),"?",Prueba[[#This Row],[Puesto6]])) | X39: Pieza individual | AA39: 1 | AB39: 5
A40: 23B100009L | C40: ENGINE,TRANSMISS. | D40: ENGINE,TRANSMISS. | E40: C04 | H40: =IF(Prueba[[#This Row],[Cant.]]=0,"",IF(OR(Prueba[[#This Row],[Cant.2]]="",Prueba[[#This Row],[Puesto2]]=""),"?",Prueba[[#This Row],[Puesto2]])) | N40: =IF(Prueba[[#This Row],[Cant.4]]=0,"",IF(OR(Prueba[[#This Row],[Cant.6]]="",Prueba[[#This Row],[Puesto6]]=""),"?",Prueba[[#This Row],[Puesto6]])) | P40: =IF(Prueba[[#This Row],[Cant.5]]=0,"",IF(OR(Prueba[[#This Row],[Cant.6]]="",Prueba[[#This Row],[Puesto6]]=""),"?",Prueba[[#This Row],[Puesto6]])) | X40: Pieza individual | Y40: 1 | Z40: 5
A41: 23B121103 | B41: Peça | C41: MANGUEIRA REFRIG. | D41: MANGUEIRA DE REFRIGERACAO P USO AUTO | E41: BX3 | F41: Avulsa | G41: 1 | H41: =IF(Prueba[[#This Row],[Cant.]]=0,"",IF(OR(Prueba[[#This Row],[Cant.2]]="",Prueba[[#This Row],[Puesto2]]=""),"?",Prueba[[#This Row],[Puesto2]])) -> 5 | I41: 1 | J41: 5 | N41: =IF(Prueba[[#This Row],[Cant.4]]=0,"",IF(OR(Prueba[[#This Row],[Cant.6]]="",Prueba[[#This Row],[Puesto6]]=""),"?",Prueba[[#This Row],[Puesto6]])) | P41: =IF(Prueba[[#This Row],[Cant.5]]=0,"",IF(OR(Prueba[[#This Row],[Cant.6]]="",Prueba[[#This Row],[Puesto6]]=""),"?",Prueba[[#This Row],[Puesto6]])) | X41: Pieza individual | Y41: 1 | Z41: 5 | AA41: 1 | AB41: 5
A42: 23B121103A | B42: Peça | C42: COOLANT HOSE | D42: TUBO DE BORRACHA VULC DE USO AUTOMOTIVO | E42: BX3 | F42: Avulsa | G42: 1 | H42: =IF(Prueba[[#This Row],[Cant.]]=0,"",IF(OR(Prueba[[#This Row],[Cant.2]]="",Prueba[[#This Row],[Puesto2]]=""),"?",Prueba[[#This Row],[Puesto2]])) -> C | I42: 1 | J42: C | N42: =IF(Prueba[[#This Row],[Cant.4]]=0,"",IF(OR(Prueba[[#This Row],[Cant.6]]="",Prueba[[#This Row],[Puesto6]]=""),"?",Prueba[[#This Row],[Puesto6]])) | P42: =IF(Prueba[[#This Row],[Cant.5]]=0,"",IF(OR(Prueba[[#This Row],[Cant.6]]="",Prueba[[#This Row],[Puesto6]]=""),"?",Prueba[[#This Row],[Puesto6]])) | X42: Pieza individual | Y42: 1 | Z42: C | AA42: 1 | AB42: C
A43: 23B121249F | B43: Peça | C43: MODULO DE RADIADOR | D43: MODULO DE RADIADOR PARA USO AUTOMOTIVO | E43: BRA | F43: Avulsa | G43: 1 | H43: =IF(Prueba[[#This Row],[Cant.]]=0,"",IF(OR(Prueba[[#This Row],[Cant.2]]="",Prueba[[#This Row],[Puesto2]]=""),"?",Prueba[[#This Row],[Puesto2]])) -> C | I43: 1 | J43: C | N43: =IF(Prueba[[#This Row],[Cant.4]]=0,"",IF(OR(Prueba[[#This Row],[Cant.6]]="",Prueba[[#This Row],[Puesto6]]=""),"?",Prueba[[#This Row],[Puesto6]])) | P43: =IF(Prueba[[#This Row],[Cant.5]]=0,"",IF(OR(Prueba[[#This Row],[Cant.6]]="",Prueba[[#This Row],[Puesto6]]=""),"?",Prueba[[#This Row],[Puesto6]])) | X43: Pieza individual | Y43: 1 | Z43: C | AA43: 1 | AB43: C
A44: 23B121373A | B44: Peça | C44: DEFLECTOR RAIL | D44: PROTETOR DO RADIADOR FIXADA NA LONGARINA | E44: BX3 | F44: Avulsa | G44: 1 | H44: =IF(Prueba[[#This Row],[Cant.]]=0,"",IF(OR(Prueba[[#This Row],[Cant.2]]="",Prueba[[#This Row],[Puesto2]]=""),"?",Prueba[[#This Row],[Puesto2]])) -> 0 | I44: 1 | J44: 0 | N44: =IF(Prueba[[#This Row],[Cant.4]]=0,"",IF(OR(Prueba[[#This Row],[Cant.6]]="",Prueba[[#This Row],[Puesto6]]=""),"?",Prueba[[#This Row],[Puesto6]])) | P44: =IF(Prueba[[#This Row],[Cant.5]]=0,"",IF(OR(Prueba[[#This Row],[Cant.6]]="",Prueba[[#This Row],[Puesto6]]=""),"?",Prueba[[#This Row],[Puesto6]])) | X44: Pieza individual | Y44: 1 | Z44: 0 | AA44: 1 | AB44: 0
A45: 23B121405 | B45: Peça | C45: RESERVDEEXPANSAO | D45: RESERVATORIO DE EXPANSAO PARA USO AUTOMO | E45: BX3 | F45: Avulsa | G45: 1 | H45: =IF(Prueba[[#This Row],[Cant.]]=0,"",IF(OR(Prueba[[#This Row],[Cant.2]]="",Prueba[[#This Row],[Puesto2]]=""),"?",Prueba[[#This Row],[Puesto2]])) -> 5 | I45: 1 | J45: 5 | N45: =IF(Prueba[[#This Row],[Cant.4]]=0,"",IF(OR(Prueba[[#This Row],[Cant.6]]="",Prueba[[#This Row],[Puesto6]]=""),"?",Prueba[[#This Row],[Puesto6]])) | P45: =IF(Prueba[[#This Row],[Cant.5]]=0,"",IF(OR(Prueba[[#This Row],[Cant.6]]="",Prueba[[#This Row],[Puesto6]]=""),"?",Prueba[[#This Row],[Puesto6]])) | X45: Pieza individual | Y45: 1 | Z45: 5 | AA45: 1 | AB45: 5
A46: 23B121481 | B46: Peça | C46: TUBOD'AGUA | D46: TUBO D'AGUA DE ACO PARA USO AUTOMOTIVO | E46: BX2 | F46: Avulsa | G46: 1 | H46: =IF(Prueba[[#This Row],[Cant.]]=0,"",IF(OR(Prueba[[#This Row],[Cant.2]]="",Prueba[[#This Row],[Puesto2]]=""),"?",Prueba[[#This Row],[Puesto2]])) -> 4 | I46: 1 | J46: 4 | N46: =IF(Prueba[[#This Row],[Cant.4]]=0,"",IF(OR(Prueba[[#This Row],[Cant.6]]="",Prueba[[#This Row],[Puesto6]]=""),"?",Prueba[[#This Row],[Puesto6]])) | P46: =IF(Prueba[[#This Row],[Cant.5]]=0,"",IF(OR(Prueba[[#This Row],[Cant.6]]="",Prueba[[#This Row],[Puesto6]]=""),"?",Prueba[[#This Row],[Puesto6]])) | X46: Pieza individual | Y46: 1 | Z46: 4 | AA46: 1 | AB46: 4
A47: 23B129607 | B47: Peça | C47: FILTRODEAR | D47: FILTRO DE AR MUFFLER PARA USO AUTOMOTIVO | E47: BX3 | F47: Avulsa | G47: 1 | H47: =IF(Prueba[[#This Row],[Cant.]]=0,"",IF(OR(Prueba[[#This Row],[Cant.2]]="",Prueba[[#This Row],[Puesto2]]=""),"?",Prueba[[#This Row],[Puesto2]])) -> 5 | I47: 1 | J47: 5 | N47: =IF(Prueba[[#This Row],[Cant.4]]=0,"",IF(OR(Prueba[[#This Row],[Cant.6]]="",Prueba[[#This Row],[Puesto6]]=""),"?",Prueba[[#This Row],[Puesto6]])) | P47: =IF(Prueba[[#This Row],[Cant.5]]=0,"",IF(OR(Prueba[[#This Row],[Cant.6]]="",Prueba[[#This Row],[Puesto6]]=""),"?",Prueba[[#This Row],[Puesto6]])) | X47: Pieza individual | Y47: 1 | Z47: 5 | AA47: 1 | AB47: 5
A48: 23B129687C | B48: Peça | C48: BRACKET | D48: SUPORTE ACO FILTRO AR DE USO AUTOMOTIVO | E48: BX2 | F48: Avulsa | G48: 1 | H48: =IF(Prueba[[#This Row],[Cant.]]=0,"",IF(OR(Prueba[[#This Row],[Cant.2]]="",Prueba[[#This Row],[Puesto2]]=""),"?",Prueba[[#This Row],[Puesto2]])) -> 4 | I48: 1 | J48: 4 | N48: =IF(Prueba[[#This Row],[Cant.4]]=0,"",IF(OR(Prueba[[#This Row],[Cant.6]]="",Prueba[[#This Row],[Puesto6]]=""),"?",Prueba[[#This Row],[Puesto6]])) | P48: =IF(Prueba[[#This Row],[Cant.5]]=0,"",IF(OR(Prueba[[#This Row],[Cant.6]]="",Prueba[[#This Row],[Puesto6]]=""),"?",Prueba[[#This Row],[Puesto6]])) | X48: Pieza individual | Y48: 1 | Z48: 4 | AA48: 1 | AB48: 4
A49: 23B131121N | B49: Peça | C49: SUPORTE | D49: SUPORTE UNIDADE DE ASPIRACAO USO AUTOM | E49: BX2 | F49: Avulsa | G49: 1 | H49: =IF(Prueba[[#This Row],[Cant.]]=0,"",IF(OR(Prueba[[#This Row],[Cant.2]]="",Prueba[[#This Row],[Puesto2]]=""),"?",Prueba[[#This Row],[Puesto2]])) -> C | I49: 1 | J49: C | N49: =IF(Prueba[[#This Row],[Cant.4]]=0,"",IF(OR(Prueba[[#This Row],[Cant.6]]="",Prueba[[#This Row],[Puesto6]]=""),"?",Prueba[[#This Row],[Puesto6]])) | P49: =IF(Prueba[[#This Row],[Cant.5]]=0,"",IF(OR(Prueba[[#This Row],[Cant.6]]="",Prueba[[#This Row],[Puesto6]]=""),"?",Prueba[[#This Row],[Puesto6]])) | X49: Pieza individual | Y49: 1 | Z49: C | AA49: 1 | AB49: C
A50: 23B131131 | B50: Peça | C50: SPACER BLOCK | D50: CALCO DISTANCIADOR PLASTICO DE USO AUTOM | E50: SHW | F50: Avulsa | G50: 49 | H50: =IF(Prueba[[#This Row],[Cant.]]=0,"",IF(OR(Prueba[[#This Row],[Cant.2]]="",Prueba[[#This Row],[Puesto2]]=""),"?",Prueba[[#This Row],[Puesto2]])) -> 18x1 + 41x2 + 1x4 | I50: 62 | J50: 18x1 + 41x2 + 1x4 | N50: =IF(Prueba[[#This Row],[Cant.4]]=0,"",IF(OR(Prueba[[#This Row],[Cant.6]]="",Prueba[[#This Row],[Puesto6]]=""),"?",Prueba[[#This Row],[Puesto6]])) | P50: =IF(Prueba[[#This Row],[Cant.5]]=0,"",IF(OR(Prueba[[#This Row],[Cant.6]]="",Prueba[[#This Row],[Puesto6]]=""),"?",Prueba[[#This Row],[Puesto6]])) | W50: 328 | X50: KLT 4314 | Y50: 68 | Z50: 18x1 + 41x2 + 1x4 | AA50: 65 | AB50: 18x1 + 41x2 + 1x4
A51: 23B131603 | B51: Peça | C51: MOUNTING | D51: PINO COLAR SUPORTE TANQUE COMBUSTIVEL | E51: SHW | F51: Avulsa | G51: 4 | H51: =IF(Prueba[[#This Row],[Cant.]]=0,"",IF(OR(Prueba[[#This Row],[Cant.2]]="",Prueba[[#This Row],[Puesto2]]=""),"?",Prueba[[#This Row],[Puesto2]])) -> 0 | I51: 4 | J51: 0 | N51: =IF(Prueba[[#This Row],[Cant.4]]=0,"",IF(OR(Prueba[[#This Row],[Cant.6]]="",Prueba[[#This Row],[Puesto6]]=""),"?",Prueba[[#This Row],[Puesto6]])) | P51: =IF(Prueba[[#This Row],[Cant.5]]=0,"",IF(OR(Prueba[[#This Row],[Cant.6]]="",Prueba[[#This Row],[Puesto6]]=""),"?",Prueba[[#This Row],[Puesto6]])) | W51: 32 | X51: KLT 3214 | Y51: 5 | Z51: 0 | AA51: 5 | AB51: 0
A52: 23B131736 | B52: Peça | C52: STRIP | D52: CINTA PLASTICA DE FIXACAOPARA USO AUTOM | E52: SHW | F52: Avulsa | G52: 47 | H52: =IF(Prueba[[#This Row],[Cant.]]=0,"",IF(OR(Prueba[[#This Row],[Cant.2]]="",Prueba[[#This Row],[Puesto2]]=""),"?",Prueba[[#This Row],[Puesto2]])) -> 18x1 + 36x2 + 1x4 | I52: 57 | J52: 18x1 + 36x2 + 1x4 | N52: =IF(Prueba[[#This Row],[Cant.4]]=0,"",IF(OR(Prueba[[#This Row],[Cant.6]]="",Prueba[[#This Row],[Puesto6]]=""),"?",Prueba[[#This Row],[Puesto6]])) | P52: =IF(Prueba[[#This Row],[Cant.5]]=0,"",IF(OR(Prueba[[#This Row],[Cant.6]]="",Prueba[[#This Row],[Puesto6]]=""),"?",Prueba[[#This Row],[Puesto6]])) | W52: 288 | X52: KLT 4314 | Y52: 64 | Z52: 18x1 + 36x2 + 1x4 | AA52: 62 | AB52: 18x1 + 36x2 + 1x4
A53: 23B131913 | B53: Peça | C53: JOURNAL | D53: PINO COLAR PARA DO TANQ. DE COMBUSTIVEL | E53: SHW | F53: Avulsa | G53: 4 | H53: =IF(Prueba[[#This Row],[Cant.]]=0,"",IF(OR(Prueba[[#This Row],[Cant.2]]="",Prueba[[#This Row],[Puesto2]]=""),"?",Prueba[[#This Row],[Puesto2]])) -> 0 | I53: 4 | J53: 0 | N53: =IF(Prueba[[#This Row],[Cant.4]]=0,"",IF(OR(Prueba[[#This Row],[Cant.6]]="",Prueba[[#This Row],[Puesto6]]=""),"?",Prueba[[#This Row],[Puesto6]])) | P53: =IF(Prueba[[#This Row],[Cant.5]]=0,"",IF(OR(Prueba[[#This Row],[Cant.6]]="",Prueba[[#This Row],[Puesto6]]=""),"?",Prueba[[#This Row],[Puesto6]])) | W53: 32 | X53: KLT 3214 | Y53: 5 | Z53: 0 | AA53: 5 | AB53: 0
A54: 23B131983S | C54: LINE | D54: LINE | E54: BX1 | H54: =IF(Prueba[[#This Row],[Cant.]]=0,"",IF(OR(Prueba[[#This Row],[Cant.2]]="",Prueba[[#This Row],[Puesto2]]=""),"?",Prueba[[#This Row],[Puesto2]])) | N54: =IF(Prueba[[#This Row],[Cant.4]]=0,"",IF(OR(Prueba[[#This Row],[Cant.6]]="",Prueba[[#This Row],[Puesto6]]=""),"?",Prueba[[#This Row],[Puesto6]])) | P54: =IF(Prueba[[#This Row],[Cant.5]]=0,"",IF(OR(Prueba[[#This Row],[Cant.6]]="",Prueba[[#This Row],[Puesto6]]=""),"?",Prueba[[#This Row],[Puesto6]])) | X54: Pieza individual | Y54: 1 | Z54: 2 | AA54: 1 | AB54: 2
A55: 23B145593A | B55: Peça | C55: CHARGE AIR HOSE | D55: MANGUEIRA DE PRESSAO DE AR | E55: BX3 | F55: Avulsa | G55: 1 | H55: =IF(Prueba[[#This Row],[Cant.]]=0,"",IF(OR(Prueba[[#This Row],[Cant.2]]="",Prueba[[#This Row],[Puesto2]]=""),"?",Prueba[[#This Row],[Puesto2]])) -> 5 | I55: 1 | J55: 5 | N55: =IF(Prueba[[#This Row],[Cant.4]]=0,"",IF(OR(Prueba[[#This Row],[Cant.6]]="",Prueba[[#This Row],[Puesto6]]=""),"?",Prueba[[#This Row],[Puesto6]])) | P55: =IF(Prueba[[#This Row],[Cant.5]]=0,"",IF(OR(Prueba[[#This Row],[Cant.6]]="",Prueba[[#This Row],[Puesto6]]=""),"?",Prueba[[#This Row],[Puesto6]])) | X55: Pieza individual | Y55: 1 | Z55: 5 | AA55: 1 | AB55: 5
A56: 23B145593F | B56: Peça | C56: MANG ADMISSAO AR | D56: MANGUEIRA DE ADMISSAO AR DE USO AUTOMOTI | E56: BX3 | F56: Avulsa | G56: 1 | H56: =IF(Prueba[[#This Row],[Cant.]]=0,"",IF(OR(Prueba[[#This Row],[Cant.2]]="",Prueba[[#This Row],[Puesto2]]=""),"?",Prueba[[#This Row],[Puesto2]])) -> 5 | I56: 1 | J56: 5 | N56: =IF(Prueba[[#This Row],[Cant.4]]=0,"",IF(OR(Prueba[[#This Row],[Cant.6]]="",Prueba[[#This Row],[Puesto6]]=""),"?",Prueba[[#This Row],[Puesto6]])) | P56: =IF(Prueba[[#This Row],[Cant.5]]=0,"",IF(OR(Prueba[[#This Row],[Cant.6]]="",Prueba[[#This Row],[Puesto6]]=""),"?",Prueba[[#This Row],[Puesto6]])) | X56: Pieza individual | Y56: 1 | Z56: 5 | AA56: 1 | AB56: 5
A57: 23B201020S | B57: Peça | C57: FUEL TANK | D57: RESERVATORIO DE COMBUSTIVEL DE USO AUTOM | E57: BX3 | F57: Avulsa | G57: 1 | H57: D | I57: 1 | J57: D | N57: =IF(Prueba[[#This Row],[Cant.4]]=0,"",IF(OR(Prueba[[#This Row],[Cant.6]]="",Prueba[[#This Row],[Puesto6]]=""),"?",Prueba[[#This Row],[Puesto6]])) | P57: =IF(Prueba[[#This Row],[Cant.5]]=0,"",IF(OR(Prueba[[#This Row],[Cant.6]]="",Prueba[[#This Row],[Puesto6]]=""),"?",Prueba[[#This Row],[Puesto6]])) | X57: Pieza individual | Y57: 1 | Z57: D | AA57: 1 | AB57: D
A58: 23B201136B | B58: Peça | C58: BLEEDER VALVE | D58: VALVULA BOCAL ABAS | E58: SHW | F58: Avulsa | G58: 1 | H58: =IF(Prueba[[#This Row],[Cant.]]=0,"",IF(OR(Prueba[[#This Row],[Cant.2]]="",Prueba[[#This Row],[Puesto2]]=""),"?",Prueba[[#This Row],[Puesto2]])) -> D | I58: 1 | J58: D | K58: 2 | M58: 2 | N58: =IF(Prueba[[#This Row],[Cant.4]]=0,"",IF(OR(Prueba[[#This Row],[Cant.6]]="",Prueba[[#This Row],[Puesto6]]=""),"?",Prueba[[#This Row],[Puesto6]])) -> D | O58: 1 | P58: =IF(Prueba[[#This Row],[Cant.5]]=0,"",IF(OR(Prueba[[#This Row],[Cant.6]]="",Prueba[[#This Row],[Puesto6]]=""),"?",Prueba[[#This Row],[Puesto6]])) -> D | Q58: 2 | R58: D | S58: 1 | T58: D | U58: 1 | V58: D | W58: 16 | X58: KLT 3214 | Y58: 2 | Z58: D | AA58: 2 | AB58: D
A59: 23B201173L | C59: RETURN PIPE | D59: RETURN PIPE | E59: BX1 | H59: =IF(Prueba[[#This Row],[Cant.]]=0,"",IF(OR(Prueba[[#This Row],[Cant.2]]="",Prueba[[#This Row],[Puesto2]]=""),"?",Prueba[[#This Row],[Puesto2]])) | N59: =IF(Prueba[[#This Row],[Cant.4]]=0,"",IF(OR(Prueba[[#This Row],[Cant.6]]="",Prueba[[#This Row],[Puesto6]]=""),"?",Prueba[[#This Row],[Puesto6]])) | P59: =IF(Prueba[[#This Row],[Cant.5]]=0,"",IF(OR(Prueba[[#This Row],[Cant.6]]="",Prueba[[#This Row],[Puesto6]]=""),"?",Prueba[[#This Row],[Puesto6]])) | X59: Pieza individual | Y59: 1 | Z59: 2 | AA59: 1 | AB59: 2
A60: 23B201173N | B60: Peça | C60: RETURN PIPE | D60: TUBO PLAST RETORNO COMBUSTIVEL USO AUTOM | E60: BX1 | F60: Avulsa | G60: 1 | H60: =IF(Prueba[[#This Row],[Cant.]]=0,"",IF(OR(Prueba[[#This Row],[Cant.2]]="",Prueba[[#This Row],[Puesto2]]=""),"?",Prueba[[#This Row],[Puesto2]])) -> 2 | I60: 1 | J60: 2 | N60: =IF(Prueba[[#This Row],[Cant.4]]=0,"",IF(OR(Prueba[[#This Row],[Cant.6]]="",Prueba[[#This Row],[Puesto6]]=""),"?",Prueba[[#This Row],[Puesto6]])) | P60: =IF(Prueba[[#This Row],[Cant.5]]=0,"",IF(OR(Prueba[[#This Row],[Cant.6]]="",Prueba[[#This Row],[Puesto6]]=""),"?",Prueba[[#This Row],[Puesto6]])) | X60: Pieza individual
A61: 23B201179 | B61: Peça | C61: MANGUEIRA | D61: TUBO PLAST RESPIRO RESERVATORIO COMBUSTI | E61: BX3 | F61: Avulsa | G61: 1 | H61: =IF(Prueba[[#This Row],[Cant.]]=0,"",IF(OR(Prueba[[#This Row],[Cant.2]]="",Prueba[[#This Row],[Puesto2]]=""),"?",Prueba[[#This Row],[Puesto2]])) -> D | I61: 1 | J61: D | N61: =IF(Prueba[[#This Row],[Cant.4]]=0,"",IF(OR(Prueba[[#This Row],[Cant.6]]="",Prueba[[#This Row],[Puesto6]]=""),"?",Prueba[[#This Row],[Puesto6]])) | P61: =IF(Prueba[[#This Row],[Cant.5]]=0,"",IF(OR(Prueba[[#This Row],[Cant.6]]="",Prueba[[#This Row],[Puesto6]]=""),"?",Prueba[[#This Row],[Puesto6]])) | X61: Pieza individual | Y61: 1 | Z61: D | AA61: 1 | AB61: D
A62: 23B201260E | B62: Peça | C62: BRACKET | D62: SUPORTE DO TANQUE DE COMBUSTIVEL | E62: BX2 | F62: Avulsa | G62: 2 | H62: =IF(Prueba[[#This Row],[Cant.]]=0,"",IF(OR(Prueba[[#This Row],[Cant.2]]="",Prueba[[#This Row],[Puesto2]]=""),"?",Prueba[[#This Row],[Puesto2]])) -> 0 | I62: 2 | J62: 0 | N62: =IF(Prueba[[#This Row],[Cant.4]]=0,"",IF(OR(Prueba[[#This Row],[Cant.6]]="",Prueba[[#This Row],[Puesto6]]=""),"?",Prueba[[#This Row],[Puesto6]])) | P62: =IF(Prueba[[#This Row],[Cant.5]]=0,"",IF(OR(Prueba[[#This Row],[Cant.6]]="",Prueba[[#This Row],[Puesto6]]=""),"?",Prueba[[#This Row],[Puesto6]])) | X62: Pieza individual | Y62: 2 | Z62: 0 | AA62: 2 | AB62: 0
A63: 23B201353S | C63: FUEL PIPE | D63: FUEL PIPE | E63: BX1 | H63: =IF(Prueba[[#This Row],[Cant.]]=0,"",IF(OR(Prueba[[#This Row],[Cant.2]]="",Prueba[[#This Row],[Puesto2]]=""),"?",Prueba[[#This Row],[Puesto2]])) | N63: =IF(Prueba[[#This Row],[Cant.4]]=0,"",IF(OR(Prueba[[#This Row],[Cant.6]]="",Prueba[[#This Row],[Puesto6]]=""),"?",Prueba[[#This Row],[Puesto6]])) | P63: =IF(Prueba[[#This Row],[Cant.5]]=0,"",IF(OR(Prueba[[#This Row],[Cant.6]]="",Prueba[[#This Row],[Puesto6]]=""),"?",Prueba[[#This Row],[Puesto6]])) | X63: Pieza individual | Y63: 1 | Z63: 2 | AA63: 1 | AB63: 2
A64: 23B201392D | B64: Peça | C64: STRAP | D64: CINTA TENSORA FIX TANQUE COMBUSTIVEL | E64: BX2 | F64: Avulsa | G64: 2 | H64: =IF(Prueba[[#This Row],[Cant.]]=0,"",IF(OR(Prueba[[#This Row],[Cant.2]]="",Prueba[[#This Row],[Puesto2]]=""),"?",Prueba[[#This Row],[Puesto2]])) -> 6 | I64: 2 | J64: 6 | N64: =IF(Prueba[[#This Row],[Cant.4]]=0,"",IF(OR(Prueba[[#This Row],[Cant.6]]="",Prueba[[#This Row],[Puesto6]]=""),"?",Prueba[[#This Row],[Puesto6]])) | P64: =IF(Prueba[[#This Row],[Cant.5]]=0,"",IF(OR(Prueba[[#This Row],[Cant.6]]="",Prueba[[#This Row],[Puesto6]]=""),"?",Prueba[[#This Row],[Puesto6]])) | X64: Pieza individual | Y64: 2 | Z64: 6 | AA64: 2 | AB64: 6
A65: 23B201512D | C65: FILTER W/ PRESSURE REGULATOR | D65: FILTER W/ PRESSURE REGULATOR | E65: BX1 | H65: =IF(Prueba[[#This Row],[Cant.]]=0,"",IF(OR(Prueba[[#This Row],[Cant.2]]="",Prueba[[#This Row],[Puesto2]]=""),"?",Prueba[[#This Row],[Puesto2]])) | N65: =IF(Prueba[[#This Row],[Cant.4]]=0,"",IF(OR(Prueba[[#This Row],[Cant.6]]="",Prueba[[#This Row],[Puesto6]]=""),"?",Prueba[[#This Row],[Puesto6]])) | P65: =IF(Prueba[[#This Row],[Cant.5]]=0,"",IF(OR(Prueba[[#This Row],[Cant.6]]="",Prueba[[#This Row],[Puesto6]]=""),"?",Prueba[[#This Row],[Puesto6]])) | X65: Pieza individual | Y65: 1 | Z65: 4 | AA65: 1 | AB65: 4
A66: 23B251523A | B66: Peça | C66: CINTATENSORA | D66: CINTA TENSORA PARA FIXACAO ESCAPE | E66: BX3 | F66: Avulsa | G66: 2 | H66: =IF(Prueba[[#This Row],[Cant.]]=0,"",IF(OR(Prueba[[#This Row],[Cant.2]]="",Prueba[[#This Row],[Puesto2]]=""),"?",Prueba[[#This Row],[Puesto2]])) -> C | I66: 2 | J66: C | N66: =IF(Prueba[[#This Row],[Cant.4]]=0,"",IF(OR(Prueba[[#This Row],[Cant.6]]="",Prueba[[#This Row],[Puesto6]]=""),"?",Prueba[[#This Row],[Puesto6]])) | P66: =IF(Prueba[[#This Row],[Cant.5]]=0,"",IF(OR(Prueba[[#This Row],[Cant.6]]="",Prueba[[#This Row],[Puesto6]]=""),"?",Prueba[[#This Row],[Puesto6]])) | X66: Pieza individual | Y66: 2 | Z66: C | AA66: 2 | AB66: C
A67: 23B400019C | B67: Peça | C67: FRONT AXLE | D67: EIXO DIANTEIRO PARA USO AUTOMOTIVO | E67: C01 | F67: Avulsa | G67: 1 | H67: =IF(Prueba[[#This Row],[Cant.]]=0,"",IF(OR(Prueba[[#This Row],[Cant.2]]="",Prueba[[#This Row],[Puesto2]]=""),"?",Prueba[[#This Row],[Puesto2]])) -> B | I67: 1 | J67: B | N67: =IF(Prueba[[#This Row],[Cant.4]]=0,"",IF(OR(Prueba[[#This Row],[Cant.6]]="",Prueba[[#This Row],[Puesto6]]=""),"?",Prueba[[#This Row],[Puesto6]])) | P67: =IF(Prueba[[#This Row],[Cant.5]]=0,"",IF(OR(Prueba[[#This Row],[Cant.6]]="",Prueba[[#This Row],[Puesto6]]=""),"?",Prueba[[#This Row],[Puesto6]])) | X67: Pieza individual
A68: 23B400019G | C68: FRONT AXLE | D68: FRONT AXLE | E68: C01 | H68: =IF(Prueba[[#This Row],[Cant.]]=0,"",IF(OR(Prueba[[#This Row],[Cant.2]]="",Prueba[[#This Row],[Puesto2]]=""),"?",Prueba[[#This Row],[Puesto2]])) | N68: =IF(Prueba[[#This Row],[Cant.4]]=0,"",IF(OR(Prueba[[#This Row],[Cant.6]]="",Prueba[[#This Row],[Puesto6]]=""),"?",Prueba[[#This Row],[Puesto6]])) | P68: =IF(Prueba[[#This Row],[Cant.5]]=0,"",IF(OR(Prueba[[#This Row],[Cant.6]]="",Prueba[[#This Row],[Puesto6]]=""),"?",Prueba[[#This Row],[Puesto6]])) | X68: Pieza individual | Y68: 1 | Z68: B
A69: 23B400019J | C69: FRONT AXLE | D69: FRONT AXLE | E69: C01 | H69: =IF(Prueba[[#This Row],[Cant.]]=0,"",IF(OR(Prueba[[#This Row],[Cant.2]]="",Prueba[[#This Row],[Puesto2]]=""),"?",Prueba[[#This Row],[Puesto2]])) | N69: =IF(Prueba[[#This Row],[Cant.4]]=0,"",IF(OR(Prueba[[#This Row],[Cant.6]]="",Prueba[[#This Row],[Puesto6]]=""),"?",Prueba[[#This Row],[Puesto6]])) | P69: =IF(Prueba[[#This Row],[Cant.5]]=0,"",IF(OR(Prueba[[#This Row],[Cant.6]]="",Prueba[[#This Row],[Puesto6]]=""),"?",Prueba[[#This Row],[Puesto6]])) | X69: Pieza individual | AA69: 1 | AB69: B
A70: 23B411057 | B70: Peça | C70: SUPPORT | D70: BARRA ESTABILIZADORA DA SUSPENSAO DIANTE | E70: BX2 | F70: Avulsa | G70: 2 | H70: =IF(Prueba[[#This Row],[Cant.]]=0,"",IF(OR(Prueba[[#This Row],[Cant.2]]="",Prueba[[#This Row],[Puesto2]]=""),"?",Prueba[[#This Row],[Puesto2]])) -> 3 | I70: 2 | J70: 3 | N70: =IF(Prueba[[#This Row],[Cant.4]]=0,"",IF(OR(Prueba[[#This Row],[Cant.6]]="",Prueba[[#This Row],[Puesto6]]=""),"?",Prueba[[#This Row],[Puesto6]])) | P70: =IF(Prueba[[#This Row],[Cant.5]]=0,"",IF(OR(Prueba[[#This Row],[Cant.6]]="",Prueba[[#This Row],[Puesto6]]=""),"?",Prueba[[#This Row],[Puesto6]])) | X70: Pieza individual | Y70: 2 | Z70: B | AA70: 2 | AB70: B
A71: 23B411101A | B71: Peça | C71: FRONT SPRING | D71: MOLA DIANTEIRA PARABOLIC | E71: BX2 | F71: Avulsa | H71: =IF(Prueba[[#This Row],[Cant.]]=0,"",IF(OR(Prueba[[#This Row],[Cant.2]]="",Prueba[[#This Row],[Puesto2]]=""),"?",Prueba[[#This Row],[Puesto2]])) | I71: 1 | J71: B | N71: =IF(Prueba[[#This Row],[Cant.4]]=0,"",IF(OR(Prueba[[#This Row],[Cant.6]]="",Prueba[[#This Row],[Puesto6]]=""),"?",Prueba[[#This Row],[Puesto6]])) | P71: =IF(Prueba[[#This Row],[Cant.5]]=0,"",IF(OR(Prueba[[#This Row],[Cant.6]]="",Prueba[[#This Row],[Puesto6]]=""),"?",Prueba[[#This Row],[Puesto6]])) | X71: Pieza individual | AA71: 1 | AB71: B
A72: 23B411101B | B72: Peça | D72: MOLA DIANTEIRA PARABÓLICA L.D. | E72: BOX | F72: Avulsa | G72: 1 | H72: B | N72: =IF(Prueba[[#This Row],[Cant.4]]=0,"",IF(OR(Prueba[[#This Row],[Cant.6]]="",Prueba[[#This Row],[Puesto6]]=""),"?",Prueba[[#This Row],[Puesto6]])) | P72: =IF(Prueba[[#This Row],[Cant.5]]=0,"",IF(OR(Prueba[[#This Row],[Cant.6]]="",Prueba[[#This Row],[Puesto6]]=""),"?",Prueba[[#This Row],[Puesto6]])) | X72: Pieza individual | Y72: 1 | Z72: B | AA72: 1 | AB72: B
A73: 23B411101C | B73: Peça | C73: FRONT SPRING | D73: MOLA DIANTEIRA PARA USO AUTOMOTIVO | E73: BX2 | F73: Avulsa | H73: =IF(Prueba[[#This Row],[Cant.]]=0,"",IF(OR(Prueba[[#This Row],[Cant.2]]="",Prueba[[#This Row],[Puesto2]]=""),"?",Prueba[[#This Row],[Puesto2]])) | I73: 1 | J73: B | N73: =IF(Prueba[[#This Row],[Cant.4]]=0,"",IF(OR(Prueba[[#This Row],[Cant.6]]="",Prueba[[#This Row],[Puesto6]]=""),"?",Prueba[[#This Row],[Puesto6]])) | P73: =IF(Prueba[[#This Row],[Cant.5]]=0,"",IF(OR(Prueba[[#This Row],[Cant.6]]="",Prueba[[#This Row],[Puesto6]]=""),"?",Prueba[[#This Row],[Puesto6]])) | X73: Pieza individual | AA73: 1 | AB73: B
A74: 23B411101D | B74: Peça | D74: MOLA DIANTEIRA PARABÓLICA L.E. | E74: BOX | F74: Avulsa | G74: 1 | H74: B | N74: =IF(Prueba[[#This Row],[Cant.4]]=0,"",IF(OR(Prueba[[#This Row],[Cant.6]]="",Prueba[[#This Row],[Puesto6]]=""),"?",Prueba[[#This Row],[Puesto6]])) | P74: =IF(Prueba[[#This Row],[Cant.5]]=0,"",IF(OR(Prueba[[#This Row],[Cant.6]]="",Prueba[[#This Row],[Puesto6]]=""),"?",Prueba[[#This Row],[Puesto6]])) | X74: Pieza individual | Y74: 1 | Z74: B | AA74: 1 | AB74: B
A75: 23B411127 | B75: Peça | C75: SPRING SHACKLE | D75: CHAPA APOIO DE ACO SUSPENSAO PARA USO AU | E75: BX2 | F75: Avulsa | G75: 4 | H75: =IF(Prueba[[#This Row],[Cant.]]=0,"",IF(OR(Prueba[[#This Row],[Cant.2]]="",Prueba[[#This Row],[Puesto2]]=""),"?",Prueba[[#This Row],[Puesto2]])) -> 3 | I75: 4 | J75: 3 | N75: =IF(Prueba[[#This Row],[Cant.4]]=0,"",IF(OR(Prueba[[#This Row],[Cant.6]]="",Prueba[[#This Row],[Puesto6]]=""),"?",Prueba[[#This Row],[Puesto6]])) | P75: =IF(Prueba[[#This Row],[Cant.5]]=0,"",IF(OR(Prueba[[#This Row],[Cant.6]]="",Prueba[[#This Row],[Puesto6]]=""),"?",Prueba[[#This Row],[Puesto6]])) | X75: Pieza individual | Y75: 4 | Z75: 3 | AA75: 4 | AB75: 3
A76: 23B411129 | B76: Peça | C76: SPRING CLIP | D76: GRAMPO DA MOLA U | E76: BX2 | F76: Avulsa | G76: 2 | H76: =IF(Prueba[[#This Row],[Cant.]]=0,"",IF(OR(Prueba[[#This Row],[Cant.2]]="",Prueba[[#This Row],[Puesto2]]=""),"?",Prueba[[#This Row],[Puesto2]])) -> B | I76: 2 | J76: B | N76: =IF(Prueba[[#This Row],[Cant.4]]=0,"",IF(OR(Prueba[[#This Row],[Cant.6]]="",Prueba[[#This Row],[Puesto6]]=""),"?",Prueba[[#This Row],[Puesto6]])) | P76: =IF(Prueba[[#This Row],[Cant.5]]=0,"",IF(OR(Prueba[[#This Row],[Cant.6]]="",Prueba[[#This Row],[Puesto6]]=""),"?",Prueba[[#This Row],[Puesto6]])) | X76: Pieza individual | Y76: 2 | Z76: B | AA76: 2 | AB76: B
A77: 23B411129B | B77: Peça | C77: SPRING CLIP | D77: GRAMPO MOLA DIANTEIRA PARA USO AUTOMOTI | E77: BX2 | F77: Avulsa | G77: 2 | H77: =IF(Prueba[[#This Row],[Cant.]]=0,"",IF(OR(Prueba[[#This Row],[Cant.2]]="",Prueba[[#This Row],[Puesto2]]=""),"?",Prueba[[#This Row],[Puesto2]])) -> B | I77: 2 | J77: B | N77: =IF(Prueba[[#This Row],[Cant.4]]=0,"",IF(OR(Prueba[[#This Row],[Cant.6]]="",Prueba[[#This Row],[Puesto6]]=""),"?",Prueba[[#This Row],[Puesto6]])) | P77: =IF(Prueba[[#This Row],[Cant.5]]=0,"",IF(OR(Prueba[[#This Row],[Cant.6]]="",Prueba[[#This Row],[Puesto6]]=""),"?",Prueba[[#This Row],[Puesto6]])) | X77: Pieza individual | Y77: 2 | Z77: B | AA77: 2 | AB77: B
A78: 23B411207 | B78: Peça | C78: PLATE U BOLT | D78: SUPORTE GRAMPO DA MOLA USO AUTOMOTIVO | E78: BX2 | F78: Avulsa | G78: 2 | H78: =IF(Prueba[[#This Row],[Cant.]]=0,"",IF(OR(Prueba[[#This Row],[Cant.2]]="",Prueba[[#This Row],[Puesto2]]=""),"?",Prueba[[#This Row],[Puesto2]])) -> B | I78: 2 | J78: B | N78: =IF(Prueba[[#This Row],[Cant.4]]=0,"",IF(OR(Prueba[[#This Row],[Cant.6]]="",Prueba[[#This Row],[Puesto6]]=""),"?",Prueba[[#This Row],[Puesto6]])) | P78: =IF(Prueba[[#This Row],[Cant.5]]=0,"",IF(OR(Prueba[[#This Row],[Cant.6]]="",Prueba[[#This Row],[Puesto6]]=""),"?",Prueba[[#This Row],[Puesto6]])) | X78: Pieza individual | Y78: 2 | Z78: B | AA78: 2 | AB78: B
A79: 23B411239 | B79: Peça | C79: BEARING SHELL | D79: CASQUILHO MANCAL STABILIZER | E79: BX2 | F79: Avulsa | G79: 4 | H79: A | I79: 4 | J79: A | N79: =IF(Prueba[[#This Row],[Cant.4]]=0,"",IF(OR(Prueba[[#This Row],[Cant.6]]="",Prueba[[#This Row],[Puesto6]]=""),"?",Prueba[[#This Row],[Puesto6]])) | P79: =IF(Prueba[[#This Row],[Cant.5]]=0,"",IF(OR(Prueba[[#This Row],[Cant.6]]="",Prueba[[#This Row],[Puesto6]]=""),"?",Prueba[[#This Row],[Puesto6]])) | X79: Pieza individual | Y79: 4 | Z79: 2xA+ 2xB | AA79: 4 | AB79: 2xA+ 2xB
A80: 23B411309 | B80: Peça | C80: STABILIZER BAR | D80: ESTABILIZADOR FRONT INDEP.SUSPEN | E80: BX2 | F80: Avulsa | G80: 1 | H80: =IF(Prueba[[#This Row],[Cant.]]=0,"",IF(OR(Prueba[[#This Row],[Cant.2]]="",Prueba[[#This Row],[Puesto2]]=""),"?",Prueba[[#This Row],[Puesto2]])) -> 3 | I80: 1 | J80: 3 | N80: =IF(Prueba[[#This Row],[Cant.4]]=0,"",IF(OR(Prueba[[#This Row],[Cant.6]]="",Prueba[[#This Row],[Puesto6]]=""),"?",Prueba[[#This Row],[Puesto6]])) | P80: =IF(Prueba[[#This Row],[Cant.5]]=0,"",IF(OR(Prueba[[#This Row],[Cant.6]]="",Prueba[[#This Row],[Puesto6]]=""),"?",Prueba[[#This Row],[Puesto6]])) | X80: Pieza individual | Y80: 1 | Z80: B | AA80: 1 | AB80: B
A81: 23B411346 | B81: Peça | C81: BUSH | D81: BUCHA STABILIZER BAR | E81: BX2 | F81: Avulsa | G81: 4 | H81: =IF(Prueba[[#This Row],[Cant.]]=0,"",IF(OR(Prueba[[#This Row],[Cant.2]]="",Prueba[[#This Row],[Puesto2]]=""),"?",Prueba[[#This Row],[Puesto2]])) -> 3 | I81: 4 | J81: 3 | N81: =IF(Prueba[[#This Row],[Cant.4]]=0,"",IF(OR(Prueba[[#This Row],[Cant.6]]="",Prueba[[#This Row],[Puesto6]]=""),"?",Prueba[[#This Row],[Puesto6]])) | P81: =IF(Prueba[[#This Row],[Cant.5]]=0,"",IF(OR(Prueba[[#This Row],[Cant.6]]="",Prueba[[#This Row],[Puesto6]]=""),"?",Prueba[[#This Row],[Puesto6]])) | X81: Pieza individual | Y81: 4 | Z81: 2xA+ 2xB | AA81: 4 | AB81: 2xA+ 2xB
A82: 23B411379 | B82: Peça | C82: MOUNTING BRACKET | D82: SUPORTE DA BARRA ESTABILIZADORA SUSPENSA | E82: BX2 | F82: Avulsa | G82: 2 | H82: =IF(Prueba[[#This Row],[Cant.]]=0,"",IF(OR(Prueba[[#This Row],[Cant.2]]="",Prueba[[#This Row],[Puesto2]]=""),"?",Prueba[[#This Row],[Puesto2]])) -> B | I82: 2 | J82: B | N82: =IF(Prueba[[#This Row],[Cant.4]]=0,"",IF(OR(Prueba[[#This Row],[Cant.6]]="",Prueba[[#This Row],[Puesto6]]=""),"?",Prueba[[#This Row],[Puesto6]])) | P82: =IF(Prueba[[#This Row],[Cant.5]]=0,"",IF(OR(Prueba[[#This Row],[Cant.6]]="",Prueba[[#This Row],[Puesto6]]=""),"?",Prueba[[#This Row],[Puesto6]])) | X82: Pieza individual | Y82: 2 | Z82: B | AA82: 2 | AB82: B
A83: 23B411617 | B83: Peça | C83: BRACKET | D83: SUPORTE DE ACO DE FIXACAO USO AUTOMOTIVO | E83: BX2 | F83: Avulsa | G83: 2 | H83: =IF(Prueba[[#This Row],[Cant.]]=0,"",IF(OR(Prueba[[#This Row],[Cant.2]]="",Prueba[[#This Row],[Puesto2]]=""),"?",Prueba[[#This Row],[Puesto2]])) -> 0 | I83: 2 | J83: 0 | N83: =IF(Prueba[[#This Row],[Cant.4]]=0,"",IF(OR(Prueba[[#This Row],[Cant.6]]="",Prueba[[#This Row],[Puesto6]]=""),"?",Prueba[[#This Row],[Puesto6]])) | P83: =IF(Prueba[[#This Row],[Cant.5]]=0,"",IF(OR(Prueba[[#This Row],[Cant.6]]="",Prueba[[#This Row],[Puesto6]]=""),"?",Prueba[[#This Row],[Puesto6]])) | X83: Pieza individual | Y83: 2 | Z83: 0 | AA83: 2 | AB83: 0
A84: 23B413119A | B84: Peça | C84: SHOCK ABSORBER | D84: AMORTECEDOR | E84: BX2 | F84: Avulsa | H84: =IF(Prueba[[#This Row],[Cant.]]=0,"",IF(OR(Prueba[[#This Row],[Cant.2]]="",Prueba[[#This Row],[Puesto2]]=""),"?",Prueba[[#This Row],[Puesto2]])) | I84: 2 | J84: 3 | N84: =IF(Prueba[[#This Row],[Cant.4]]=0,"",IF(OR(Prueba[[#This Row],[Cant.6]]="",Prueba[[#This Row],[Puesto6]]=""),"?",Prueba[[#This Row],[Puesto6]])) | P84: =IF(Prueba[[#This Row],[Cant.5]]=0,"",IF(OR(Prueba[[#This Row],[Cant.6]]="",Prueba[[#This Row],[Puesto6]]=""),"?",Prueba[[#This Row],[Puesto6]])) | X84: Pieza individual | AA84: 2 | AB84: 3
A85: 23B413119C | B85: Peça | D85: AMORTECEDOR | E85: BOX | F85: Avulsa | G85: 2 | H85: 3 | N85: =IF(Prueba[[#This Row],[Cant.4]]=0,"",IF(OR(Prueba[[#This Row],[Cant.6]]="",Prueba[[#This Row],[Puesto6]]=""),"?",Prueba[[#This Row],[Puesto6]])) | P85: =IF(Prueba[[#This Row],[Cant.5]]=0,"",IF(OR(Prueba[[#This Row],[Cant.6]]="",Prueba[[#This Row],[Puesto6]]=""),"?",Prueba[[#This Row],[Puesto6]])) | X85: Pieza individual | Y85: 2 | Z85: 3
A86: 23B419831A | B86: Peça | C86: CUP | D86: COIFA DE BORRACHA COLUNA DE DIRECAO | E86: BX1 | F86: Avulsa | H86: =IF(Prueba[[#This Row],[Cant.]]=0,"",IF(OR(Prueba[[#This Row],[Cant.2]]="",Prueba[[#This Row],[Puesto2]]=""),"?",Prueba[[#This Row],[Puesto2]])) | N86: =IF(Prueba[[#This Row],[Cant.4]]=0,"",IF(OR(Prueba[[#This Row],[Cant.6]]="",Prueba[[#This Row],[Puesto6]]=""),"?",Prueba[[#This Row],[Puesto6]])) | P86: =IF(Prueba[[#This Row],[Cant.5]]=0,"",IF(OR(Prueba[[#This Row],[Cant.6]]="",Prueba[[#This Row],[Puesto6]]=""),"?",Prueba[[#This Row],[Puesto6]])) | X86: Pieza individual
A87: 23B419831D | B87: Peça | C87: CUP | D87: COIFA DE BORRACHA COLUNA DE DIRECAO | E87: BX1 | F87: Avulsa | G87: 1 | H87: =IF(Prueba[[#This Row],[Cant.]]=0,"",IF(OR(Prueba[[#This Row],[Cant.2]]="",Prueba[[#This Row],[Puesto2]]=""),"?",Prueba[[#This Row],[Puesto2]])) -> 6 | I87: 1 | J87: 6 | N87: =IF(Prueba[[#This Row],[Cant.4]]=0,"",IF(OR(Prueba[[#This Row],[Cant.6]]="",Prueba[[#This Row],[Puesto6]]=""),"?",Prueba[[#This Row],[Puesto6]])) | P87: =IF(Prueba[[#This Row],[Cant.5]]=0,"",IF(OR(Prueba[[#This Row],[Cant.6]]="",Prueba[[#This Row],[Puesto6]]=""),"?",Prueba[[#This Row],[Puesto6]])) | X87: Pieza individual | Y87: 1 | Z87: 6 | AA87: 1 | AB87: 6
A88: 23B422195 | B88: Peça | C88: COVER | D88: COVER | E88: BX2 (9.170) BX3(11.180) | F88: Avulsa | G88: 1 | H88: =IF(Prueba[[#This Row],[Cant.]]=0,"",IF(OR(Prueba[[#This Row],[Cant.2]]="",Prueba[[#This Row],[Puesto2]]=""),"?",Prueba[[#This Row],[Puesto2]])) -> 5 | I88: 1 | J88: 5 | N88: =IF(Prueba[[#This Row],[Cant.4]]=0,"",IF(OR(Prueba[[#This Row],[Cant.6]]="",Prueba[[#This Row],[Puesto6]]=""),"?",Prueba[[#This Row],[Puesto6]])) | P88: =IF(Prueba[[#This Row],[Cant.5]]=0,"",IF(OR(Prueba[[#This Row],[Cant.6]]="",Prueba[[#This Row],[Puesto6]]=""),"?",Prueba[[#This Row],[Puesto6]])) | X88: Pieza individual | Y88: 1 | Z88: 5 | AA88: 1 | AB88: 5
A89: 23B422256 | B89: Peça | C89: CLIP FECHAMENTO | D89: CLIP PLASTICO PARA USO AUTOMOTIVO | E89: SHW | F89: Avulsa | G89: 1 | H89: =IF(Prueba[[#This Row],[Cant.]]=0,"",IF(OR(Prueba[[#This Row],[Cant.2]]="",Prueba[[#This Row],[Puesto2]]=""),"?",Prueba[[#This Row],[Puesto2]])) -> 1 | I89: 1 | J89: 1 | N89: =IF(Prueba[[#This Row],[Cant.4]]=0,"",IF(OR(Prueba[[#This Row],[Cant.6]]="",Prueba[[#This Row],[Puesto6]]=""),"?",Prueba[[#This Row],[Puesto6]])) | P89: =IF(Prueba[[#This Row],[Cant.5]]=0,"",IF(OR(Prueba[[#This Row],[Cant.6]]="",Prueba[[#This Row],[Puesto6]]=""),"?",Prueba[[#This Row],[Puesto6]])) | W89: 8 | X89: KLT 3214 | Y89: 2 | Z89: 1 | AA89: 2 | AB89: 1
A90: 23B422335C | B90: Peça | C90: DRAG LINK | D90: BARRA DE LIGACAO DA DIRECAO | E90: BX3 | F90: Avulsa | G90: 1 | H90: =IF(Prueba[[#This Row],[Cant.]]=0,"",IF(OR(Prueba[[#This Row],[Cant.2]]="",Prueba[[#This Row],[Puesto2]]=""),"?",Prueba[[#This Row],[Puesto2]])) -> 3 | I90: 1 | J90: 3 | N90: =IF(Prueba[[#This Row],[Cant.4]]=0,"",IF(OR(Prueba[[#This Row],[Cant.6]]="",Prueba[[#This Row],[Puesto6]]=""),"?",Prueba[[#This Row],[Puesto6]])) | P90: =IF(Prueba[[#This Row],[Cant.5]]=0,"",IF(OR(Prueba[[#This Row],[Cant.6]]="",Prueba[[#This Row],[Puesto6]]=""),"?",Prueba[[#This Row],[Puesto6]])) | X90: Pieza individual | Y90: 1 | Z90: 3 | AA90: 1 | AB90: 3
A91: 23B422613 | B91: Peça | C91: CLAMP | D91: ABRACADEIRA BIPARTIDA TUBOS DH | E91: SHW | F91: Avulsa | G91: 2 | H91: =IF(Prueba[[#This Row],[Cant.]]=0,"",IF(OR(Prueba[[#This Row],[Cant.2]]="",Prueba[[#This Row],[Puesto2]]=""),"?",Prueba[[#This Row],[Puesto2]])) -> 0 | I91: 2 | J91: 0 | N91: =IF(Prueba[[#This Row],[Cant.4]]=0,"",IF(OR(Prueba[[#This Row],[Cant.6]]="",Prueba[[#This Row],[Puesto6]]=""),"?",Prueba[[#This Row],[Puesto6]])) | P91: =IF(Prueba[[#This Row],[Cant.5]]=0,"",IF(OR(Prueba[[#This Row],[Cant.6]]="",Prueba[[#This Row],[Puesto6]]=""),"?",Prueba[[#This Row],[Puesto6]])) | W91: 16 | X91: KLT 3214 | Y91: 3 | Z91: 0 | AA91: 3 | AB91: 0
A92: 23B422849A | B92: Peça | C92: BRACKET | D92: SUPORTE RESERVATORIO DIRECAO HIDRAULICA | E92: BX1 | F92: Avulsa | G92: 1 | H92: =IF(Prueba[[#This Row],[Cant.]]=0,"",IF(OR(Prueba[[#This Row],[Cant.2]]="",Prueba[[#This Row],[Puesto2]]=""),"?",Prueba[[#This Row],[Puesto2]])) -> 5 | I92: 1 | J92: 5 | N92: =IF(Prueba[[#This Row],[Cant.4]]=0,"",IF(OR(Prueba[[#This Row],[Cant.6]]="",Prueba[[#This Row],[Puesto6]]=""),"?",Prueba[[#This Row],[Puesto6]])) | P92: =IF(Prueba[[#This Row],[Cant.5]]=0,"",IF(OR(Prueba[[#This Row],[Cant.6]]="",Prueba[[#This Row],[Puesto6]]=""),"?",Prueba[[#This Row],[Puesto6]])) | X92: Pieza individual | Y92: 1 | Z92: 5 | AA92: 1 | AB92: 5
A93: 23B422859 | B93: Peça | C93: RETURN PIPE | D93: TUBO | E93: BX1 | F93: Avulsa | G93: 1 | H93: =IF(Prueba[[#This Row],[Cant.]]=0,"",IF(OR(Prueba[[#This Row],[Cant.2]]="",Prueba[[#This Row],[Puesto2]]=""),"?",Prueba[[#This Row],[Puesto2]])) -> 1 | I93: 1 | J93: 1 | N93: =IF(Prueba[[#This Row],[Cant.4]]=0,"",IF(OR(Prueba[[#This Row],[Cant.6]]="",Prueba[[#This Row],[Puesto6]]=""),"?",Prueba[[#This Row],[Puesto6]])) | P93: =IF(Prueba[[#This Row],[Cant.5]]=0,"",IF(OR(Prueba[[#This Row],[Cant.6]]="",Prueba[[#This Row],[Puesto6]]=""),"?",Prueba[[#This Row],[Puesto6]])) | X93: Pieza individual | Y93: 1 | Z93: 1 | AA93: 1 | AB93: 1
A94: 23B422889 | B94: Peça | D94: MANGUEIRA DE SUCÇÃO | E94: BOX | F94: Avulsa | G94: 1 | H94: 5 | N94: =IF(Prueba[[#This Row],[Cant.4]]=0,"",IF(OR(Prueba[[#This Row],[Cant.6]]="",Prueba[[#This Row],[Puesto6]]=""),"?",Prueba[[#This Row],[Puesto6]])) | P94: =IF(Prueba[[#This Row],[Cant.5]]=0,"",IF(OR(Prueba[[#This Row],[Cant.6]]="",Prueba[[#This Row],[Puesto6]]=""),"?",Prueba[[#This Row],[Puesto6]])) | X94: Pieza individual
A95: 23B422897 | B95: Peça | C95: TUBO DE PRESSAO | D95: TUBO DE PRESSAO DIRECAO HIDRAULICA | E95: BX1 | F95: Avulsa | G95: 1 | H95: =IF(Prueba[[#This Row],[Cant.]]=0,"",IF(OR(Prueba[[#This Row],[Cant.2]]="",Prueba[[#This Row],[Puesto2]]=""),"?",Prueba[[#This Row],[Puesto2]])) -> 1 | I95: 1 | J95: 1 | N95: =IF(Prueba[[#This Row],[Cant.4]]=0,"",IF(OR(Prueba[[#This Row],[Cant.6]]="",Prueba[[#This Row],[Puesto6]]=""),"?",Prueba[[#This Row],[Puesto6]])) | P95: =IF(Prueba[[#This Row],[Cant.5]]=0,"",IF(OR(Prueba[[#This Row],[Cant.6]]="",Prueba[[#This Row],[Puesto6]]=""),"?",Prueba[[#This Row],[Puesto6]])) | X95: Pieza individual | Y95: 1 | Z95: 1 | AA95: 1 | AB95: 1
A96: 23B422898 | B96: Peça | C96: RETURN HOSE | D96: MANGUEIRA RETORNO DIREÇÃO | E96: BX3 | F96: Avulsa | G96: 1 | H96: =IF(Prueba[[#This Row],[Cant.]]=0,"",IF(OR(Prueba[[#This Row],[Cant.2]]="",Prueba[[#This Row],[Puesto2]]=""),"?",Prueba[[#This Row],[Puesto2]])) -> 5 | I96: 1 | J96: 5 | N96: =IF(Prueba[[#This Row],[Cant.4]]=0,"",IF(OR(Prueba[[#This Row],[Cant.6]]="",Prueba[[#This Row],[Puesto6]]=""),"?",Prueba[[#This Row],[Puesto6]])) | P96: =IF(Prueba[[#This Row],[Cant.5]]=0,"",IF(OR(Prueba[[#This Row],[Cant.6]]="",Prueba[[#This Row],[Puesto6]]=""),"?",Prueba[[#This Row],[Puesto6]])) | X96: Pieza individual | Y96: 1 | Z96: 5 | AA96: 1 | AB96: 5
A97: 23B422913 | B97: Peça | C97: CONNECTING PIECE | D97: PECA DE CONEXAO SISTEMA PARA DIRECAO HID | E97: SHW | F97: Avulsa | G97: 1 | H97: =IF(Prueba[[#This Row],[Cant.]]=0,"",IF(OR(Prueba[[#This Row],[Cant.2]]="",Prueba[[#This Row],[Puesto2]]=""),"?",Prueba[[#This Row],[Puesto2]])) -> 1 | I97: 1 | J97: 1 | N97: =IF(Prueba[[#This Row],[Cant.4]]=0,"",IF(OR(Prueba[[#This Row],[Cant.6]]="",Prueba[[#This Row],[Puesto6]]=""),"?",Prueba[[#This Row],[Puesto6]])) | P97: =IF(Prueba[[#This Row],[Cant.5]]=0,"",IF(OR(Prueba[[#This Row],[Cant.6]]="",Prueba[[#This Row],[Puesto6]]=""),"?",Prueba[[#This Row],[Puesto6]])) | W97: 8 | X97: KLT 3214 | Y97: 2 | Z97: 1 | AA97: 2 | AB97: 1
A98: 23B422913A | B98: Peça | C98: CONNECTING PIECE | D98: PECA DE CONEXAO SISTEMA PARA DIRECAO HID | E98: SHW | F98: Avulsa | G98: 1 | H98: =IF(Prueba[[#This Row],[Cant.]]=0,"",IF(OR(Prueba[[#This Row],[Cant.2]]="",Prueba[[#This Row],[Puesto2]]=""),"?",Prueba[[#This Row],[Puesto2]])) -> 1 | I98: 1 | J98: 1 | N98: =IF(Prueba[[#This Row],[Cant.4]]=0,"",IF(OR(Prueba[[#This Row],[Cant.6]]="",Prueba[[#This Row],[Puesto6]]=""),"?",Prueba[[#This Row],[Puesto6]])) | P98: =IF(Prueba[[#This Row],[Cant.5]]=0,"",IF(OR(Prueba[[#This Row],[Cant.6]]="",Prueba[[#This Row],[Puesto6]]=""),"?",Prueba[[#This Row],[Puesto6]])) | W98: 8 | X98: KLT 3214 | Y98: 2 | Z98: 1 | AA98: 2 | AB98: 1
A99: 23B422926 | B99: Peça | C99: SUPORTE | D99: SUPORTE DE TUBO DIRECAO HIDRAULICA | E99: BX1 | F99: Avulsa | G99: 1 | H99: =IF(Prueba[[#This Row],[Cant.]]=0,"",IF(OR(Prueba[[#This Row],[Cant.2]]="",Prueba[[#This Row],[Puesto2]]=""),"?",Prueba[[#This Row],[Puesto2]])) -> 0 | I99: 1 | J99: 0 | N99: =IF(Prueba[[#This Row],[Cant.4]]=0,"",IF(OR(Prueba[[#This Row],[Cant.6]]="",Prueba[[#This Row],[Puesto6]]=""),"?",Prueba[[#This Row],[Puesto6]])) | P99: =IF(Prueba[[#This Row],[Cant.5]]=0,"",IF(OR(Prueba[[#This Row],[Cant.6]]="",Prueba[[#This Row],[Puesto6]]=""),"?",Prueba[[#This Row],[Puesto6]])) | X99: Pieza individual | Y99: 1 | Z99: 0 | AA99: 1 | AB99: 0
A100: 23B500048E | B100: Peça | C100: REAR AXLE | D100: EIXO TRASEIRO PARA USO AUTOMOTIVO | E100: BEX2 | F100: Avulsa | H100: =IF(Prueba[[#This Row],[Cant.]]=0,"",IF(OR(Prueba[[#This Row],[Cant.2]]="",Prueba[[#This Row],[Puesto2]]=""),"?",Prueba[[#This Row],[Puesto2]])) | I100: 1 | J100: A | N100: =IF(Prueba[[#This Row],[Cant.4]]=0,"",IF(OR(Prueba[[#This Row],[Cant.6]]="",Prueba[[#This Row],[Puesto6]]=""),"?",Prueba[[#This Row],[Puesto6]])) | P100: =IF(Prueba[[#This Row],[Cant.5]]=0,"",IF(OR(Prueba[[#This Row],[Cant.6]]="",Prueba[[#This Row],[Puesto6]]=""),"?",Prueba[[#This Row],[Puesto6]])) | X100: Pieza individual
A101: 23B500048G | C101: REAR AXLE | D101: REAR AXLE | E101: BEX2 | H101: =IF(Prueba[[#This Row],[Cant.]]=0,"",IF(OR(Prueba[[#This Row],[Cant.2]]="",Prueba[[#This Row],[Puesto2]]=""),"?",Prueba[[#This Row],[Puesto2]])) | N101: =IF(Prueba[[#This Row],[Cant.4]]=0,"",IF(OR(Prueba[[#This Row],[Cant.6]]="",Prueba[[#This Row],[Puesto6]]=""),"?",Prueba[[#This Row],[Puesto6]])) | P101: =IF(Prueba[[#This Row],[Cant.5]]=0,"",IF(OR(Prueba[[#This Row],[Cant.6]]="",Prueba[[#This Row],[Puesto6]]=""),"?",Prueba[[#This Row],[Puesto6]])) | X101: Pieza individual | AA101: 1 | AB101: A
A102: 23B500048K | C102: REAR AXLE | D102: REAR AXLE | E102: BEX2 | H102: =IF(Prueba[[#This Row],[Cant.]]=0,"",IF(OR(Prueba[[#This Row],[Cant.2]]="",Prueba[[#This Row],[Puesto2]]=""),"?",Prueba[[#This Row],[Puesto2]])) | N102: =IF(Prueba[[#This Row],[Cant.4]]=0,"",IF(OR(Prueba[[#This Row],[Cant.6]]="",Prueba[[#This Row],[Puesto6]]=""),"?",Prueba[[#This Row],[Puesto6]])) | P102: =IF(Prueba[[#This Row],[Cant.5]]=0,"",IF(OR(Prueba[[#This Row],[Cant.6]]="",Prueba[[#This Row],[Puesto6]]=""),"?",Prueba[[#This Row],[Puesto6]])) | X102: Pieza individual | AA102: 1 | AB102: A
...

Sheet 9.180 TBXSS1
A1: Listado maestro de embalajes de componentes Delivery DG 9.180 - TBXSS1 | J1: Rev | K1: =+BOM!D2 -> 45953
A2: item | B2: Materialnumber | C2: Material short text | D2: Uso por _Puesto | E2: _Puesto LF | F2: EMBALAJE Proveedor | G2: Embalaje línea | H2: Módulo de abastecimiento | I2: Medio de Abastecimiento | J2: Nivel | K2: Observaciones | L2: __PowerAppsId__ | M2: revisión
A3: 1 | B3: 23B700025M | C3: CHASSIS | D3: 1 | E3: 0-1 | F3: BCH | G3: Pieza individual | H3: 1 | I3: Carro Bandejas 1 | L3: cf19bd78-a66b-428f-bd0f-fead1c699e11 | M3: 45702 | N3: =+VLOOKUP(B3,BOM!$A$8:$AB$1078,25,0) -> 1 | O3: =+VLOOKUP(B3,BOM!$A$8:$AB$1078,26,0) -> 0 | P3: =+IF(N3=D3,"ok","") -> ok
A4: 2 | B4: 23B500051BS | C4: EIXO TRASEIRO | D4: 1 | E4: A-B | F4: BEX2 | G4: Pieza individual | H4: 1 | I4: Carro E. Trasero | L4: fdb16029-4579-46c8-8c3d-3a5df4a09659 | M4: 45429 | N4: =+VLOOKUP(B4,BOM!$A$8:$AB$1078,25,0) -> 1 | O4: =+VLOOKUP(B4,BOM!$A$8:$AB$1078,26,0) -> A | P4: =+IF(N4=D4,"ok","") -> ok
A5: 3 | B5: 23B121249F | C5: MODULO DE RADIADOR PARA USO AUTOMOTIVO | D5: 1 | E5: C-D | F5: BRA | G5: Pieza individual | H5: 1 | I5: Embalaje original | L5: cfe858d3-a507-4d4d-bbe1-d107b162382c | M5: 45429 | N5: =+VLOOKUP(B5,BOM!$A$8:$AB$1078,25,0) -> 1 | O5: =+VLOOKUP(B5,BOM!$A$8:$AB$1078,26,0) -> C | P5: =+IF(N5=D5,"ok","") -> ok
A6: 4 | B6: 23B601011L | C6: RIMS AND TYRES | D6: 7 | E6: 3 | F6: BRD | G6: Pieza individual | H6: 7 | I6: Rack ruedas | L6: 7c79bea3-f172-497a-a174-3605ca10aebd | M6: 45429 | N6: =+VLOOKUP(B6,BOM!$A$8:$AB$1078,25,0) -> 7 | O6: =+VLOOKUP(B6,BOM!$A$8:$AB$1078,26,0) -> 4 | P6: =+IF(N6=D6,"ok","") -> ok
A7: 5 | B7: 23B422926 | C7: SUPORTE DE TUBO DIRECAO HIDRAULICA | D7: 1 | E7: 0-1 | F7: BX1 | G7: Pieza individual | H7: 1 | I7: Carro Bandejas 1 | J7: Nivel 1 | L7: 79c798d5-f8a1-492a-a2f4-e7282cb288b3 | M7: 45429 | N7: =+VLOOKUP(B7,BOM!$A$8:$AB$1078,25,0) -> 1 | O7: =+VLOOKUP(B7,BOM!$A$8:$AB$1078,26,0) -> 0 | P7: =+IF(N7=D7,"ok","") -> ok
A8: 6 | B8: 23B607110 | C8: SUPORTE DO TUBO DE DESCARGA DO COMPRESSO | D8: 1 | E8: 0-1 | F8: BX1 | G8: Pieza individual | H8: 1 | I8: Carro Bandejas 1 | J8: Nivel 1 | L8: 26ed467d-e10e-43c2-b874-e51b9a8147c7 | M8: 45429 | N8: =+VLOOKUP(B8,BOM!$A$8:$AB$1078,25,0) -> 1 | O8: =+VLOOKUP(B8,BOM!$A$8:$AB$1078,26,0) -> 0 | P8: =+IF(N8=D8,"ok","") -> ok
A9: 7 | B9: 23B611775 | C9: MANGUEIRA DO FREIO ABS MODUL.VALVE | D9: 1 | E9: 0-1 | F9: BX1 | G9: Pieza individual | H9: 1 | I9: Carro Bandejas 1 | J9: Nivel 1 | L9: e7ece783-ecbb-4143-9bfd-252f328d999c | M9: 45429 | N9: =+VLOOKUP(B9,BOM!$A$8:$AB$1078,25,0) -> 1 | O9: =+VLOOKUP(B9,BOM!$A$8:$AB$1078,26,0) -> 0 | P9: =+IF(N9=D9,"ok","") -> ok
A10: 8 | B10: 23B611776 | C10: MANGUEIRA DO FREIO | D10: 1 | E10: 0-1 | F10: BX1 | G10: Pieza individual | H10: 1 | I10: Carro Bandejas 1 | J10: Nivel 1 | L10: 77af007b-a1f0-48af-96bd-b00495de3168 | M10: 45429 | N10: =+VLOOKUP(B10,BOM!$A$8:$AB$1078,25,0) -> 1 | O10: =+VLOOKUP(B10,BOM!$A$8:$AB$1078,26,0) -> 0 | P10: =+IF(N10=D10,"ok","") -> ok
A11: 9 | B11: 23B701693G | C11: REFORCO DA SUSPENSAO PARA USO AUTOMOTIVO | D11: 2 | E11: 0-1 | F11: BX1 | G11: Pieza individual | H11: 2 | I11: Carro Bandejas 1 | J11: Nivel 1 | L11: 87329c53-6709-467a-870c-054740af9623 | M11: 45702 | N11: =+VLOOKUP(B11,BOM!$A$8:$AB$1078,25,0) -> 2 | O11: =+VLOOKUP(B11,BOM!$A$8:$AB$1078,26,0) -> 0 | P11: =+IF(N11=D11,"ok","") -> ok
A12: 10 | B12: 23B807131 | C12: SUPORTE DO PARACHOQUE DE USO AUTOMOTIVO | D12: 2 | E12: 0-1 | F12: BX1 | G12: Pieza individual | H12: 2 | I12: Carro Bandejas 1 | J12: Nivel 1 | L12: e5b19345-6468-4172-96bc-54b134fad50f | M12: 45429 | N12: =+VLOOKUP(B12,BOM!$A$8:$AB$1078,25,0) -> 2 | O12: =+VLOOKUP(B12,BOM!$A$8:$AB$1078,26,0) -> 0 | P12: =+IF(N12=D12,"ok","") -> ok
A13: 11 | B13: 23B819055 | C13: SUPORTE EM ACO PARA TUBO DE USO AUTOMOT | D13: 1 | E13: 0-1 | F13: BX1 | G13: Pieza individual | H13: 1 | I13: Carro Bandejas 1 | J13: Nivel 1 | L13: ee1ed953-0d97-4288-92b5-3a7274cbcf72 | M13: 45429 | N13: =+VLOOKUP(B13,BOM!$A$8:$AB$1078,25,0) -> 1 | O13: =+VLOOKUP(B13,BOM!$A$8:$AB$1078,26,0) -> 0 | P13: =+IF(N13=D13,"ok","") -> ok
A14: 12 | B14: 23B907631G | C14: VALVULA MAGNETICA SOLENOIDE | D14: 1 | E14: 0-1 | F14: BX1 | G14: Pieza individual | H14: 1 | I14: Carro Bandejas 1 | J14: Nivel 1 | L14: d15092c0-3d2a-41c4-b07d-7ae9d52f6c0d | M14: 45429 | N14: =+VLOOKUP(B14,BOM!$A$8:$AB$1078,25,0) -> 1 | O14: =+VLOOKUP(B14,BOM!$A$8:$AB$1078,26,0) -> 0 | P14: =+IF(N14=D14,"ok","") -> ok
A15: 13 | B15: 23B915516 | C15: SUPORTE DE FIXACAO PARA USO AUTOMOTIVO | D15: 1 | E15: 0-1 | F15: BX1 | G15: Pieza individual | H15: 1 | I15: Carro Bandejas 1 | J15: Nivel 1 | L15: 9b1b8d9d-04c7-4fcc-b86e-4deffb900907 | M15: 45429 | N15: =+VLOOKUP(B15,BOM!$A$8:$AB$1078,25,0) -> 1 | O15: =+VLOOKUP(B15,BOM!$A$8:$AB$1078,26,0) -> 0 | P15: =+IF(N15=D15,"ok","") -> ok
A16: 14 | B16: 23B951183 | C16: SUPORTE DA BUZINA DE USO AUTOMOTOR | D16: 1 | E16: 0-1 | F16: BX1 | G16: Pieza individual | H16: 1 | I16: Carro Bandejas 1 | J16: Nivel 1 | L16: a4e8ab3d-0913-42b1-9942-b6ae72e42077 | M16: 45702 | N16: =+VLOOKUP(B16,BOM!$A$8:$AB$1078,25,0) -> 1 | O16: =+VLOOKUP(B16,BOM!$A$8:$AB$1078,26,0) -> 0 | P16: =+IF(N16=D16,"ok","") -> ok
A17: 15 | B17: 23B971003F | C17: SUPORTE DE ACO PARA CABO USO AUTOMOTIVO | D17: 1 | E17: 0-1 | F17: BX1 | G17: Pieza individual | H17: 1 | I17: Carro Bandejas 1 | J17: Nivel 1 | L17: 14ca7773-07d5-455b-b2ca-0afe75ada098 | M17: 45429 | N17: =+VLOOKUP(B17,BOM!$A$8:$AB$1078,25,0) -> 1 | O17: =+VLOOKUP(B17,BOM!$A$8:$AB$1078,26,0) -> 0 | P17: =+IF(N17=D17,"ok","") -> ok
A18: 16 | B18: 23F701693 | C18: STIFFENING | D18: 1 | E18: 0-1 | F18: BX1 | G18: Pieza individual | H18: 1 | I18: Carro Bandejas 1 | J18: Nivel 1 | L18: d8ec0a16-fc21-4399-86cf-c1b0fa93317e | M18: 45429 | N18: =+VLOOKUP(B18,BOM!$A$8:$AB$1078,25,0) -> 1 | O18: =+VLOOKUP(B18,BOM!$A$8:$AB$1078,26,0) -> 0
A19: 17 | B19: 2R0871195 | C19: GALAO | D19: 2 | E19: 0-1 | F19: BX1 | G19: Pieza individual | H19: 2 | I19: Carro Bandejas 1 | J19: Nivel 1 | L19: b1d03c17-21f2-47e7-a097-643baaad9710 | M19: 45429 | N19: =+VLOOKUP(B19,BOM!$A$8:$AB$1078,25,0) -> 2 | O19: =+VLOOKUP(B19,BOM!$A$8:$AB$1078,26,0) -> 0 | P19: =+IF(N19=D19,"ok","") -> ok
A20: 18 | B20: 23B422859 | C20: TUBO | D20: 1 | E20: 0-1 | F20: BX1 | G20: Pieza individual | H20: 1 | I20: Carro Bandejas 1 | J20: Nivel 2 | L20: c0928341-2fd5-49e4-a1f2-c2f928a5f934 | M20: 45429 | N20: =+VLOOKUP(B20,BOM!$A$8:$AB$1078,25,0) -> 1 | O20: =+VLOOKUP(B20,BOM!$A$8:$AB$1078,26,0) -> 1 | P20: =+IF(N20=D20,"ok","") -> ok
A21: 19 | B21: 23B422897 | C21: TUBO DE PRESSAO DIRECAO HIDRAULICA | D21: 1 | E21: 0-1 | F21: BX1 | G21: Pieza individual | H21: 1 | I21: Carro Bandejas 1 | J21: Nivel 2 | L21: 701782d8-1eb6-4014-ac18-e93f4885f3af | M21: 45429 | N21: =+VLOOKUP(B21,BOM!$A$8:$AB$1078,25,0) -> 1 | O21: =+VLOOKUP(B21,BOM!$A$8:$AB$1078,26,0) -> 1 | P21: =+IF(N21=D21,"ok","") -> ok
A22: 20 | B22: 23A253319 | C22: SUPORTE DO CATALISADOR TRAS P USO AUTO | D22: 1 | E22: 0-1 | F22: BX1 | G22: Pieza individual | H22: 1 | I22: Carro Bandejas 1 | J22: Nivel 3 | L22: 3d556680-4f36-48d9-81d5-1c446e893a92 | M22: 45429 | N22: =+VLOOKUP(B22,BOM!$A$8:$AB$1078,25,0) -> 1 | O22: =+VLOOKUP(B22,BOM!$A$8:$AB$1078,26,0) -> 0 | P22: =+IF(N22=D22,"ok","") -> ok
A23: 21 | B23: 23A253319A | C23: SUPORTE DO CATALISADOR TRAS P USO AUTO | D23: 1 | E23: 0-1 | F23: BX1 | G23: Pieza individual | H23: 1 | I23: Carro Bandejas 1 | J23: Nivel 3 | L23: 7258281d-8cd9-477d-836d-3af4f46c91d2 | M23: 45429 | N23: =+VLOOKUP(B23,BOM!$A$8:$AB$1078,25,0) -> 1 | O23: =+VLOOKUP(B23,BOM!$A$8:$AB$1078,26,0) -> 0 | P23: =+IF(N23=D23,"ok","") -> ok
A24: 22 | B24: 23B721482 | C24: TUBO DE PRESSAO DA EMBREAGEM DE USO AUT | D24: 1 | E24: 2 | F24: BX1 | G24: Pieza individual | H24: 1 | I24: Carro Bandejas 2 | J24: Nivel 1 | L24: abbfeee4-0bad-40d8-9d3a-1b0bb837b169 | M24: 45429 | N24: =+VLOOKUP(B24,BOM!$A$8:$AB$1078,25,0) -> 1 | O24: =+VLOOKUP(B24,BOM!$A$8:$AB$1078,26,0) -> 2 | P24: =+IF(N24=D24,"ok","") -> ok
A25: 23 | B25: 23B201173L | C25: RETURN PIPE | D25: 1 | E25: 2 | F25: BX1 | G25: Pieza individual | H25: 1 | I25: Carro Bandejas 2 | J25: Nivel 2 | L25: d0483e7b-ffb8-4b93-a31b-bf6199b43b82 | M25: 45702 | N25: =+VLOOKUP(B25,BOM!$A$8:$AB$1078,25,0) -> 1 | O25: =+VLOOKUP(B25,BOM!$A$8:$AB$1078,26,0) -> 2 | P25: =+IF(N25=D25,"ok","") -> ok
A26: 24 | B26: 23B971011HJ | C26: HARNESS,REAR COMB. LAMP | D26: 1 | E26: 2 | F26: BX1 | G26: Pieza individual | H26: 1 | I26: Carro Bandejas 2 | J26: Nivel 3 | L26: 51b09f03-f970-40a8-8125-105bc52884d3 | M26: 45429 | N26: =+VLOOKUP(B26,BOM!$A$8:$AB$1078,25,0) -> 1 | O26: =+VLOOKUP(B26,BOM!$A$8:$AB$1078,26,0) -> 2 | P26: =+IF(N26=D26,"ok","") -> ok
A27: 25 | B27: 23B131983S | C27: LINE | D27: 1 | E27: 2 | F27: BX1 | G27: Pieza individual | H27: 1 | I27: Carro Bandejas 2 | J27: Nivel 3 | L27: 44b7e6e0-2f7c-4868-b91a-d8c3bf2e4125 | M27: 45429 | N27: =+VLOOKUP(B27,BOM!$A$8:$AB$1078,25,0) -> 1 | O27: =+VLOOKUP(B27,BOM!$A$8:$AB$1078,26,0) -> 2 | P27: =+IF(N27=D27,"ok","") -> ok
A28: 26 | B28: 23B607862H | C28: BRAKE LINE | D28: 2 | E28: 2 | F28: BX1 | G28: Pieza individual | H28: 2 | I28: Carro Bandejas 2 | J28: Nivel 3 | L28: 3d39b6ec-5c00-46f1-b373-82a3387e9e16 | M28: 45702 | N28: =+VLOOKUP(B28,BOM!$A$8:$AB$1078,25,0) -> 2 | O28: =+VLOOKUP(B28,BOM!$A$8:$AB$1078,26,0) -> 2 | P28: =+IF(N28=D28,"ok","") -> ok
A29: 27 | B29: 23B698705P | C29: TUBO DE FREIO | D29: 1 | E29: 2 | F29: BX1 | G29: Pieza individual | H29: 1 | I29: Carro Bandejas 2 | J29: Nivel 3 | L29: 34e8ce9d-e661-40ba-900d-6ee177e1e93b | M29: 45429 | N29: =+VLOOKUP(B29,BOM!$A$8:$AB$1078,25,0) -> 1 | O29: =+VLOOKUP(B29,BOM!$A$8:$AB$1078,26,0) -> 2 | P29: =+IF(N29=D29,"ok","") -> ok
A30: 28 | B30: 2R0253093 | C30: SUPORTE COMPLETO | D30: 2 | E30: 3 | F30: BX1 | G30: Pieza individual | H30: 2 | I30: Carro Bandejas 3 | J30: Nivel 3 | L30: 9828c114-fbbd-4534-a42b-f0308ac18842 | M30: 45702 | N30: =+VLOOKUP(B30,BOM!$A$8:$AB$1078,25,0) -> 2 | O30: =+VLOOKUP(B30,BOM!$A$8:$AB$1078,26,0) -> 3 | P30: =+IF(N30=D30,"ok","") -> ok
... A36: 34 | B36: 23B898171A | C36: CABO DE SEGURANCA P VEICULOS AUTOMOTORES | D36: 1 | E36: 4 | F36: BX1 | G36: Pieza individual | H36: 1 | I36: Carro Bandejas 4 | J36: Nivel 2 | L36: 88fa7866-e4bd-479b-8525-265e43266051 | M36: 45429 | N36: =+VLOOKUP(B36,BOM!$A$8:$AB$1078,25,0) -> 1 | O36: =+VLOOKUP(B36,BOM!$A$8:$AB$1078,26,0) -> 4 | P36: =+IF(N36=D36,"ok","") -> ok
A37: 35 | B37: 23B201353S | C37: FUEL PIPE | D37: 1 | E37: 4 | F37: BX1 | G37: Pieza individual | H37: 1 | I37: Carro Bandejas 4 | J37: Nivel 3 | K37: Cambio de P5 a P4 | L37: 43d9f63a-8a4a-44f3-b966-998273cf0371 | M37: 45429 | N37: =+VLOOKUP(B37,BOM!$A$8:$AB$1078,25,0) -> 1 | O37: =+VLOOKUP(B37,BOM!$A$8:$AB$1078,26,0) -> 2 | P37: =+IF(N37=D37,"ok","") -> ok
A38: 36 | B38: 23B422849A | C38: SUPORTE RESERVATORIO DIRECAO HIDRAULICA | D38: 1 | E38: 5 | F38: BX1 | G38: Pieza individual | H38: 1 | I38: Carro Bandejas 5 | K38: Cambio de medio | L38: dbbf21da-2003-4b03-9aa9-763104ea34f5 | M38: 45429 | N38: =+VLOOKUP(B38,BOM!$A$8:$AB$1078,25,0) -> 1 | O38: =+VLOOKUP(B38,BOM!$A$8:$AB$1078,26,0) -> 5 | P38: =+IF(N38=D38,"ok","") -> ok
A39: 37 | B39: 2TA145171 | C39: RESERVATORIO OLEO | D39: 1 | E39: 5 | F39: BX1 | G39: Pieza individual | H39: 1 | I39: Carro Bandejas 5 | K39: Cambio de medio / puesto | L39: 679f76ba-1d26-42f5-9ea1-36dd37fd7745 | M39: 45429 | N39: =+VLOOKUP(B39,BOM!$A$8:$AB$1078,25,0) -> 1 | O39: =+VLOOKUP(B39,BOM!$A$8:$AB$1078,26,0) -> 5 | P39: =+IF(N39=D39,"ok","") -> ok
A40: 38 | B40: 23B854735C | C40: CANTONEIRA REFORCO DO ESTRIBO DE USO AUT | D40: 2 | E40: 6 | F40: BX1 | G40: Pieza individual | H40: 2 | I40: Carro Bandejas 6 | J40: Nivel 1 | L40: ea9bcf54-808d-49ba-95d8-644368822897 | M40: 45429 | N40: =+VLOOKUP(B40,BOM!$A$8:$AB$1078,25,0) -> 2 | O40: =+VLOOKUP(B40,BOM!$A$8:$AB$1078,26,0) -> 6
A41: 39 | B41: 23B419831D | C41: COIFA DE BORRACHA COLUNA DE DIRECAO | D41: 1 | E41: 6 | F41: BX1 | G41: Pieza individual | H41: 1 | I41: Carro Bandejas 6 | J41: Nivel 2 | L41: be79572a-9632-458c-9c3e-975152b51450 | M41: 45429 | N41: =+VLOOKUP(B41,BOM!$A$8:$AB$1078,25,0) -> 1 | O41: =+VLOOKUP(B41,BOM!$A$8:$AB$1078,26,0) -> 6
A42: 40 | B42: 23F607251A | C42: PRESSURE ACCUMULATOR | D42: 1 | E42: C-D | F42: BX1 | G42: Pieza individual | H42: 1 | I42: Carro premontajes | J42: 1 | L42: 5654bf09-5427-41df-9405-0ef6c3207438 | M42: 45429 | N42: =+VLOOKUP(B42,BOM!$A$8:$AB$1078,25,0) -> 1 | O42: =+VLOOKUP(B42,BOM!$A$8:$AB$1078,26,0) -> C | P42: =+IF(N42=D42,"ok","") -> ok
A43: 41 | B43: 23B607359C | C43: FOUR-WAY VALVE | D43: 1 | E43: C-D | F43: BX1 | G43: Pieza individual | H43: 1 | I43: Carro Bandejas 9 | J43: 1 | K43: CARRO VÁLVULAS | L43: bcf8b25f-e186-4e52-a8c3-afe90f41dfe6 | M43: 45429 | N43: =+VLOOKUP(B43,BOM!$A$8:$AB$1078,25,0) -> 1 | O43: =+VLOOKUP(B43,BOM!$A$8:$AB$1078,26,0) -> C | P43: =+IF(N43=D43,"ok","") -> ok
A44: 42 | B44: 23B607359D | C44: FOUR-WAY VALVE | D44: 1 | E44: C-D | F44: BX1 | G44: Pieza individual | H44: 1 | I44: Carro Bandejas 9 | J44: 1 | K44: CARRO VÁLVULAS | L44: 87631362-9954-407b-9a61-27ac53bf8b07 | M44: 45429 | N44: =+VLOOKUP(B44,BOM!$A$8:$AB$1078,25,0) -> 1 | O44: =+VLOOKUP(B44,BOM!$A$8:$AB$1078,26,0) -> C | P44: =+IF(N44=D44,"ok","") -> ok
A45: 43 | B45: 23P607879B | C45: BRACKET | D45: 1 | E45: C-D | F45: BX1 | G45: Pieza individual | H45: 1 | I45: Carro Bandejas 9 | J45: 2 | K45: CARRO VÁLVULAS | L45: 726d338e-b034-4d6e-a0d3-35d23ea936d8 | M45: 45429 | N45: =+VLOOKUP(B45,BOM!$A$8:$AB$1078,25,0) -> 1 | O45: =+VLOOKUP(B45,BOM!$A$8:$AB$1078,26,0) -> C | P45: =+IF(N45=D45,"ok","") -> ok
A46: 44 | B46: 2V1607359B | C46: FOUR-WAY VALVE | D46: 1 | E46: C-D | F46: BX1 | G46: Pieza individual | H46: 1 | I46: Carro Bandejas 9 | J46: 2 | K46: CARRO VÁLVULAS | L46: f2387678-1211-475c-85ef-779f4b3cde50 | M46: 45429 | N46: =+VLOOKUP(B47,BOM!$A$8:$AB$1078,25,0) -> 2 | O46: =+VLOOKUP(B47,BOM!$A$8:$AB$1078,26,0) -> C | P46: =+IF(N46=D47,"ok","") -> ok
A47: 45 | B47: 2V3607262B | C47: PRESSURE CONTROL VALVE | D47: 2 | E47: C-D | F47: BX1 | G47: Pieza individual | H47: 2 | I47: Carro Bandejas 9 | J47: 2 | K47: CARRO VÁLVULAS | L47: 01de549b-d610-461b-8cb9-84314daa2ab6 | M47: 45429 | N47: =+VLOOKUP(B48,BOM!$A$8:$AB$1078,25,0) -> 4 | O47: =+VLOOKUP(B48,BOM!$A$8:$AB$1078,26,0) -> C | P47: =+IF(N47=D48,"ok","") -> ok
A48: 46 | B48: 23B899397 | C48: COXIM DE BORRACHA SUSPENSAO DA CABINA | D48: 4 | E48: C-D | F48: BX1 | G48: Pieza individual | H48: 4 | I48: Carro Bandejas 9 | J48: Nivel 2 | K48: CARRO VÁLVULAS | L48: 7e2f1652-a1d1-4f66-a572-5e6c59518da4 | M48: 45429 | N48: =+VLOOKUP(B49,BOM!$A$8:$AB$1078,25,0) -> 1 | O48: =+VLOOKUP(B49,BOM!$A$8:$AB$1078,26,0) -> C | P48: =+IF(N48=D49,"ok","") -> ok
A49: 47 | B49: 2W0607373E | C49: DRIER | D49: 1 | E49: C-D | F49: BX1 | G49: Pieza individual | H49: 1 | I49: Carro Bandejas 9 | K49: CARRO VÁLVULAS | L49: 3ea23965-4ca3-4326-b0a1-75d393c5c522 | M49: 45429 | N49: =+VLOOKUP(B50,BOM!$A$8:$AB$1078,25,0) -> 1 | O49: =+VLOOKUP(B50,BOM!$A$8:$AB$1078,26,0) -> C | P49: =+IF(N49=D50,"ok","") -> ok
A50: 48 | B50: 23H607359E | C50: Silenciador | D50: 1 | E50: C-D | F50: BX1 | G50: Pieza individual | H50: 1 | I50: Carro Bandejas 9 | L50: b799ff36-4ad4-4800-9f55-1317caaffdd3 | M50: 45429 | N50: =+VLOOKUP(B51,BOM!$A$8:$AB$1078,25,0) -> 1 | O50: =+VLOOKUP(B51,BOM!$A$8:$AB$1078,26,0) -> C | P50: =+IF(N50=D51,"ok","") -> ok
A51: 49 | B51: 23B607251 | C51: RESERVATORIO DE AR | D51: 1 | E51: C-D | F51: BX1 | G51: Pieza individual | H51: 1 | I51: Carro premontajes | L51: 8c23f3c4-8fc3-469a-b987-1fd7395cb7e0 | M51: 45429 | N51: =+VLOOKUP(B52,BOM!$A$8:$AB$1078,25,0) -> 0 | O51: =+VLOOKUP(B52,BOM!$A$8:$AB$1078,26,0) -> 0 | P51: =+IF(N51=D52,"ok","")
A52: 50 | B52: 23B607289B | C52: TUBO DE FREIO DE USO AUTOMOTIVO | D52: 1 | E52: 2 | F52: BX1 | G52: Pieza individual | H52: 1 | I52: Carro Bandejas 2 | L52: b6c8ea6a-70b1-4a86-9fc6-54ff55812d0e | M52: 45429 | N52: =+VLOOKUP(B53,BOM!$A$8:$AB$1078,25,0) -> 1 | O52: =+VLOOKUP(B53,BOM!$A$8:$AB$1078,26,0) -> 0 | P52: =+IF(N52=D53,"ok","") -> ok
A53: 51 | B53: 23F253047C | C53: SUPORTE PTUBO GAS DE ESCAPE DE USO AUTO | D53: 1 | E53: 0-1 | F53: BX2 | G53: Pieza individual | H53: 1 | I53: Carro Bandejas 1 | J53: Nivel 1 | L53: 4b09c0db-1fa9-4ed5-a78d-a51af4bda369 | M53: 45429 | N53: =+VLOOKUP(B54,BOM!$A$8:$AB$1078,25,0) -> 2 | O53: =+VLOOKUP(B54,BOM!$A$8:$AB$1078,26,0) -> 0 | P53: =+IF(N53=D54,"ok","") -> ok
A54: 52 | B54: 23B411617 | C54: SUPORTE DE ACO DE FIXACAO USO AUTOMOTIVO | D54: 2 | E54: 0-1 | F54: BX2 | G54: Pieza individual | H54: 2 | I54: Carro Bandejas 1 | J54: Nivel 1 | L54: 6e5fa779-f563-431d-8f81-813fe89d9c2c | M54: 45429 | N54: =+VLOOKUP(B55,BOM!$A$8:$AB$1078,25,0) -> 1 | O54: =+VLOOKUP(B55,BOM!$A$8:$AB$1078,26,0) -> 0 | P54: =+IF(N54=D55,"ok","") -> ok
A55: 53 | B55: 23B607879 | C55: SUPORTE ACO TUBOS AR COMPRIMIDO FREIO US | D55: 1 | E55: 0-1 | F55: BX2 | G55: Pieza individual | H55: 1 | I55: Carro Bandejas 1 | J55: Nivel 1 | L55: 060bbd07-776f-4cd5-ac86-6f70ac0e5d47 | M55: 45429 | N55: =+VLOOKUP(B56,BOM!$A$8:$AB$1078,25,0) -> 1 | O55: =+VLOOKUP(B56,BOM!$A$8:$AB$1078,26,0) -> 0 | P55: =+IF(N55=D56,"ok","") -> ok
A56: 54 | B56: 23B607879D | C56: SUPORTE ACO TUBOS AR COMPRIMIDO FREIO US | D56: 1 | E56: 0-1 | F56: BX2 | G56: Pieza individual | H56: 1 | I56: Carro Bandejas 1 | J56: Nivel 1 | L56: ffbce96c-af59-4c23-a170-1901d33fb5ac | M56: 45429 | N56: =+VLOOKUP(B57,BOM!$A$8:$AB$1078,25,0) -> 1 | O56: =+VLOOKUP(B57,BOM!$A$8:$AB$1078,26,0) -> 0 | P56: =+IF(N56=D57,"ok","") -> ok
A57: 55 | B57: 23B711886A | C57: SUPORTE PARA CABO DE USO AUTOMOTIVO | D57: 1 | E57: 0-1 | F57: BX2 | G57: Pieza individual | H57: 1 | I57: Carro Bandejas 1 | J57: Nivel 1 | L57: eb6dc638-1315-43cb-a051-3468b8e350ba | M57: 45429 | N57: =+VLOOKUP(B58,BOM!$A$8:$AB$1078,25,0) -> 1 | O57: =+VLOOKUP(B58,BOM!$A$8:$AB$1078,26,0) -> 0 | P57: =+IF(N57=D58,"ok","") -> ok
A58: 56 | B58: 23B711886D | C58: 1UPORTE PARA CABO DE USO AUTOMOTIVO | D58: 1 | E58: 0-1 | F58: BX2 | G58: Pieza individual | H58: 1 | I58: Carro Bandejas 1 | J58: Nivel 1 | L58: ba0dd039-383f-4820-bcf7-ca234dc7b2f4 | M58: 45429 | N58: =+VLOOKUP(B59,BOM!$A$8:$AB$1078,25,0) -> 2 | O58: =+VLOOKUP(B59,BOM!$A$8:$AB$1078,26,0) -> 0 | P58: =+IF(N58=D59,"ok","") -> ok
A59: 57 | B59: 23B721882 | C59: SUPORTE DE USO AUTOMOTIVO | D59: 2 | E59: 0-1 | F59: BX2 | G59: Pieza individual | H59: 2 | I59: Carro Bandejas 1 | J59: Nivel 1 | L59: 6e996415-2bfb-4514-b277-725f6c9cc1f2 | M59: 45429 | N59: =+VLOOKUP(B60,BOM!$A$8:$AB$1078,25,0) -> 1 | O59: =+VLOOKUP(B60,BOM!$A$8:$AB$1078,26,0) -> 0 | P59: =+IF(N59=D60,"ok","") -> ok
A60: 58 | B60: 23B821151 | C60: BRACKET,FENDER | D60: 1 | E60: 0-1 | F60: BX2 | G60: Pieza individual | H60: 1 | I60: Carro Bandejas 1 | J60: Nivel 1 | L60: 173ed4ab-8d09-4527-b23b-2886010fb6e9 | M60: 45429 | N60: =+VLOOKUP(B61,BOM!$A$8:$AB$1078,25,0) -> 1 | O60: =+VLOOKUP(B61,BOM!$A$8:$AB$1078,26,0) -> 0 | P60: =+IF(N60=D61,"ok","") -> ok
A61: 59 | B61: 23B899555 | C61: TRAVA LINGUETA DE SEGURANCA PARA CABINA | D61: 1 | E61: 0-1 | F61: BX2 | G61: Pieza individual | H61: 1 | I61: Carro Bandejas 1 | J61: Nivel 1 | L61: 05436f3f-d8bd-4e51-a739-8346b8919f6b | M61: 45429 | N61: =+VLOOKUP(B62,BOM!$A$8:$AB$1078,25,0) -> 1 | O61: =+VLOOKUP(B62,BOM!$A$8:$AB$1078,26,0) -> 0 | P61: =+IF(N61=D62,"ok","") -> ok
A62: 60 | B62: 23B906357 | C62: SUPORTE SENSOR DE USO AUTOMOTIVO | D62: 1 | E62: 0-1 | F62: BX2 | G62: Pieza individual | H62: 1 | I62: Carro Bandejas 1 | J62: Nivel 1 | L62: 98b74c0b-dd7d-4d87-bcd3-ead113ebc6f0 | M62: 45429 | N62: =+VLOOKUP(B63,BOM!$A$8:$AB$1078,25,0) -> 2 | O62: =+VLOOKUP(B63,BOM!$A$8:$AB$1078,26,0) -> 0 | P62: =+IF(N62=D63,"ok","") -> ok
A63: 61 | B63: 23M945403 | C63: BRACKET | D63: 2 | E63: 0-1 | F63: BX2 | G63: Pieza individual | H63: 2 | I63: Carro Bandejas 1 | J63: Nivel 1 | L63: 45e13f2b-3d77-4e7f-b184-5f045d255319 | M63: 45429 | N63: =+VLOOKUP(B65,BOM!$A$8:$AB$1078,25,0) -> 1 | O63: =+VLOOKUP(B65,BOM!$A$8:$AB$1078,26,0) -> 0 | P63: =+IF(N63=D65,"ok","") -> ok
A64: 62 | B64: 2R0951209B | C64: BUZINA COM SUPORTE PARA USO AUTOMOTIVO | D64: 1 | E64: 0-1 | F64: BX2 | G64: Pieza individual | H64: 1 | I64: Carro Bandejas 1 | J64: Nivel 1 | L64: f46f1e2c-f027-4163-9882-32d0a332d7e8 | M64: 45429 | N64: =+VLOOKUP(B66,BOM!$A$8:$AB$1078,25,0) -> 2 | O64: =+VLOOKUP(B66,BOM!$A$8:$AB$1078,26,0) -> 0 | P64: =+IF(N64=D66,"ok","") -> ok
A65: 63 | B65: 23B821152D | C65: SUPORTE ACO PARALAMA LD USO AUTOMOTIVO | D65: 1 | E65: 0-1 | F65: BX2 | G65: Pieza individual | H65: 1 | I65: Carro Bandejas 1 | J65: Nivel 2 | L65: 3f6f23ba-7a45-4154-9c4d-d2bd3bdef634 | M65: 45429 | N65: =+VLOOKUP(B67,BOM!$A$8:$AB$1078,25,0) -> 1 | O65: =+VLOOKUP(B67,BOM!$A$8:$AB$1078,26,0) -> 0 | P65: =+IF(N65=D67,"ok","") -> ok
A66: 64 | B66: 23B201260E | C66: SUPORTE DO TANQUE DE COMBUSTIVEL | D66: 2 | E66: 0-1 | F66: BX2 | G66: Pieza individual | H66: 2 | I66: Carro Bandejas 1 | J66: Nivel 3 | L66: 2a1ac160-f55b-4fdd-8b8c-842c4943102e | M66: 45429 | N66: =+VLOOKUP(B68,BOM!$A$8:$AB$1078,25,0) -> 2 | O66: =+VLOOKUP(B68,BOM!$A$8:$AB$1078,26,0) -> 3 | P66: =+IF(N66=D68,"ok","") -> ok
A67: 65 | B67: 23B601203 | C67: SUPORTE ESTEPE 8/10TON DE USO AUTOMOTIVO | D67: 1 | E67: 0-1 | F67: BX2 | G67: Pieza individual | H67: 1 | I67: Carro Bandejas 1 | J67: Nivel 3 | L67: 55a59bd1-d503-48c7-818f-60a64213d52e | M67: 45429 | N67: =+VLOOKUP(B69,BOM!$A$8:$AB$1078,25,0) -> 2 | O67: =+VLOOKUP(B69,BOM!$A$8:$AB$1078,26,0) -> 3 | P67: =+IF(N67=D69,"ok","") -> ok
A68: 66 | B68: 23B413119C | C68: AMORTECEDOR | D68: 2 | E68: 3 | F68: BX2 | G68: Pieza individual | H68: 2 | I68: Carro Bandejas 3 | J68: Nivel 2 | L68: e445f21b-0e75-47b5-aa9a-239ea8991781 | M68: 45429 | N68: =+VLOOKUP(B70,BOM!$A$8:$AB$1078,25,0) -> 4 | O68: =+VLOOKUP(B70,BOM!$A$8:$AB$1078,26,0) -> 3 | P68: =+IF(N68=D70,"ok","") -> ok
A69: 67 | B69: 23B513045H | C69: AMORTECEDOR | D69: 2 | E69: 3 | F69: BX2 | G69: Pieza individual | H69: 2 | I69: Carro Bandejas 3 | J69: Nivel 2 | L69: 08872d51-073b-4842-ad71-b095e9a7d551 | M69: 45429 | N69: =+VLOOKUP(B71,BOM!$A$8:$AB$1078,25,0) -> 2 | O69: =+VLOOKUP(B71,BOM!$A$8:$AB$1078,26,0) -> 3 | P69: =+IF(N69=D71,"ok","") -> ok
A70: 68 | B70: 23B511415 | C70: BUCHA DE RETENCAO DE ACO | D70: 4 | E70: 3 | F70: BX2 | G70: Pieza individual | H70: 4 | I70: Carro Bandejas 3 | J70: Nivel 2 | L70: 49cd6e6c-8300-413b-b81c-4e031b94621d | M70: 45429 | N70: =+VLOOKUP(B72,BOM!$A$8:$AB$1078,25,0) -> 2 | O70: =+VLOOKUP(B72,BOM!$A$8:$AB$1078,26,0) -> 3 | P70: =+IF(N70=D72,"ok","") -> ok
A71: 69 | B71: 23B599195 | C71: PLACA DE ACO DO JUMELO ROSCADO | D71: 2 | E71: 3 | F71: BX2 | G71: Pieza individual | H71: 2 | I71: Carro Bandejas 3 | J71: Nivel 2 | L71: 530c51d2-f962-4e2e-a547-01c848c19210 | M71: 45533 | N71: =+VLOOKUP(B73,BOM!$A$8:$AB$1078,25,0) -> 1 | O71: =+VLOOKUP(B73,BOM!$A$8:$AB$1078,26,0) -> 3 | P71: =+IF(N71=D73,"ok","") -> ok
A72: 70 | B72: 23B599196 | C72: PLACA DE ACO DO JUMELO ROSCADO | D72: 2 | E72: 3 | F72: BX2 | G72: Pieza individual | H72: 2 | I72: Carro Bandejas 3 | J72: Nivel 2 | L72: 9e880cb4-b460-4c64-b2eb-1c656c79e259 | M72: 45429 | N72: =+VLOOKUP(B74,BOM!$A$8:$AB$1078,25,0) -> 4 | O72: =+VLOOKUP(B74,BOM!$A$8:$AB$1078,26,0) -> 3 | P72: =+IF(N72=D74,"ok","") -> ok
A73: 71 | B73: 23B601253 | C73: PEÇA SUPORTE PNEU SOBRESSALENTE | D73: 1 | E73: 3 | F73: BX2 | G73: Pieza individual | H73: 1 | I73: Carro Bandejas 3 | J73: Nivel 2 | L73: fa805000-8a53-4cc7-bf6b-f7e4c64bdb98 | M73: 45429 | N73: =+VLOOKUP(B75,BOM!$A$8:$AB$1078,25,0) -> 1 | O73: =+VLOOKUP(B75,BOM!$A$8:$AB$1078,26,0) -> 3 | P73: =+IF(N73=D75,"ok","") -> ok
A74: 72 | B74: 23B411127 | C74: CHAPA APOIO DE ACO SUSPENSAO PARA USO AU | D74: 4 | E74: 3 | F74: BX2 | G74: Pieza individual | H74: 4 | I74: Carro Bandejas 3 | J74: Nivel 3 | L74: 2d410604-8787-4217-afbd-f30ffa03f766 | M74: 45429 | N74: =+VLOOKUP(B76,BOM!$A$8:$AB$1078,25,0) -> 1 | O74: =+VLOOKUP(B76,BOM!$A$8:$AB$1078,26,0) -> 4 | P74: =+IF(N74=D76,"ok","") -> ok
... A79: 77 | B79: 23B899514 | C79: BARRA DE TORCAO SUSPENSAO CABINE | D79: 1 | E79: 4 | F79: BX2 | G79: Pieza individual | H79: 1 | I79: Carro Bandejas 4 | J79: Nivel 4 | L79: c6593326-6231-4ab4-a3f2-1e3e8b237887 | M79: 45702 | N79: =+VLOOKUP(B81,BOM!$A$8:$AB$1078,25,0) -> 1 | O79: =+VLOOKUP(B81,BOM!$A$8:$AB$1078,26,0) -> 5 | P79: =+IF(N79=D81,"ok","") -> ok
A80: 78 | B80: 23B201392D | C80: CINTA TENSORA FIX TANQUE COMBUSTIVEL | D80: 2 | E80: 5 | F80: BX2 | G80: Pieza individual | H80: 2 | I80: Carro Bandejas 5 | K80: Cambio de medio | L80: 080e4224-785f-4c61-90c4-d01201fc6aeb | M80: 45702 | N80: =+VLOOKUP(B82,BOM!$A$8:$AB$1078,25,0) -> 1 | O80: =+VLOOKUP(B82,BOM!$A$8:$AB$1078,26,0) -> 7 | P80: =+IF(N80=D82,"ok","") -> ok
A81: 79 | B81: 23C971530A | C81: BRACKET | D81: 1 | E81: 5 | F81: BX2 | G81: Pieza individual | H81: 1 | I81: Carro Bandejas 5 | L81: b47382c4-6630-4df3-968d-321d51ccfd19 | M81: 45702 | N81: =+VLOOKUP(B83,BOM!$A$8:$AB$1078,25,0) -> 1 | O81: =+VLOOKUP(B83,BOM!$A$8:$AB$1078,26,0) -> B | P81: =+IF(N81=D83,"ok","") -> ok
A82: 80 | B82: 2S2000101Q | C82: ETIQUETA IDENTIFICACAO | D82: 1 | E82: 6 | F82: BX2 | G82: Pieza individual | H82: 1 | I82: Carro Bandejas 6 | J82: Nivel 3 | L82: 285364d6-8c14-482f-b635-04db3d8f9a17 | M82: 45702 | N82: =+VLOOKUP(B84,BOM!$A$8:$AB$1078,25,0) -> 1 | O82: =+VLOOKUP(B84,BOM!$A$8:$AB$1078,26,0) -> B | P82: =+IF(N82=D84,"ok","") -> ok
A83: 81 | B83: 23B411101B | C83: MOLA DIANTEIRA PARABÓLICA L.D. | D83: 1 | E83: A-B | F83: BX2 | G83: Pieza individual | H83: 1 | I83: Carro E. Delantero | L83: 7b78672e-f033-4d3e-bf66-55eea524318e | M83: 45702 | N83: =+VLOOKUP(B85,BOM!$A$8:$AB$1078,25,0) -> 2 | O83: =+VLOOKUP(B85,BOM!$A$8:$AB$1078,26,0) -> B | P83: =+IF(N83=D85,"ok","") -> ok
A84: 82 | B84: 23B411101D | C84: MOLA DIANTEIRA PARABÓLICA L.E. | D84: 1 | E84: A-B | F84: BX2 | G84: Pieza individual | H84: 1 | I84: Carro E. Delantero | L84: a437e23f-81a6-4b91-83ea-a51e8a69450f
A85: 83 | B85: 23B411057 | C85: BARRA ESTABILIZADORA DA SUSPENSAO DIANTE | D85: 2 | E85: A-B | F85: BX2 | G85: Pieza individual | H85: 2 | I85: Carro E. Delantero | L85: 51eec342-1a6e-4fb0-b4be-ef0ecf1aec8b | M85: 45429 | N85: =+VLOOKUP(B87,BOM!$A$8:$AB$1078,25,0) -> 2 | O85: =+VLOOKUP(B87,BOM!$A$8:$AB$1078,26,0) -> B | P85: =+IF(N85=D87,"ok","") -> ok
A86: 84 | B86: 23B411129 | C86: GRAMPO DA MOLA U | D86: 2 | E86: A-B | F86: BX2 | G86: Pieza individual | H86: 2 | I86: Carro E. Delantero | L86: 07a0c967-0720-4966-a991-cbe779dfca61 | M86: 45429 | N86: =+VLOOKUP(B88,BOM!$A$8:$AB$1078,25,0) -> 2 | O86: =+VLOOKUP(B88,BOM!$A$8:$AB$1078,26,0) -> B | P86: =+IF(N86=D88,"ok","") -> ok
A87: 85 | B87: 23B411129B | C87: GRAMPO MOLA DIANTEIRA PARA USO AUTOMOTI | D87: 2 | E87: A-B | F87: BX2 | G87: Pieza individual | H87: 2 | I87: Carro E. Delantero | L87: 31784a8c-5ec4-452a-af81-a944e757012a | M87: 45429 | N87: =+VLOOKUP(B89,BOM!$A$8:$AB$1078,25,0) -> 1 | O87: =+VLOOKUP(B89,BOM!$A$8:$AB$1078,26,0) -> B | P87: =+IF(N87=D89,"ok","") -> ok
A88: 86 | B88: 23B411207 | C88: SUPORTE GRAMPO DA MOLA USO AUTOMOTIVO | D88: 2 | E88: A-B | F88: BX2 | G88: Pieza individual | H88: 2 | I88: Carro E. Delantero | L88: 95deea90-cb86-471b-b93a-02fc0df8ee22 | M88: 45429 | N88: =+VLOOKUP(B90,BOM!$A$8:$AB$1078,25,0) -> 4 | O88: =+VLOOKUP(B90,BOM!$A$8:$AB$1078,26,0) -> 2xA+ 2xB | P88: =+IF(N88=D90,"ok","") -> ok
A89: 87 | B89: 23B411309 | C89: ESTABILIZADOR FRONT INDEP.SUSPEN | D89: 1 | E89: A-B | F89: BX2 | G89: Pieza individual | H89: 1 | I89: Carro E. Delantero | L89: 06dd0b2d-20c9-4fc5-bb31-a714eb2c2240 | M89: 45429 | N89: =+VLOOKUP(B91,BOM!$A$8:$AB$1078,25,0) -> 2 | O89: =+VLOOKUP(B91,BOM!$A$8:$AB$1078,26,0) -> B | P89: =+IF(N89=D91,"ok","") -> ok
A90: 88 | B90: 23B411239 | C90: CASQUILHO MANCAL STABILIZER | D90: 4 | E90: A-B | F90: BX2 | G90: Pieza individual | H90: 4 | I90: Carro E. Delantero | L90: 19a546d7-07a9-4c00-b13c-e14548df161c | M90: 45429 | N90: =+VLOOKUP(B92,BOM!$A$8:$AB$1078,25,0) -> 4 | O90: =+VLOOKUP(B92,BOM!$A$8:$AB$1078,26,0) -> 2xA+ 2xB | P90: =+IF(N90=D92,"ok","") -> ok
A91: 89 | B91: 23B411379 | C91: SUPORTE DA BARRA ESTABILIZADORA SUSPENSA | D91: 2 | E91: A-B | F91: BX2 | G91: Pieza individual | H91: 2 | I91: Carro E. Delantero | L91: cd64b2db-3ed5-43dc-bca0-24e311b1525a | M91: 45702 | N91: =+VLOOKUP(B93,BOM!$A$8:$AB$1078,25,0) -> 2 | O91: =+VLOOKUP(B93,BOM!$A$8:$AB$1078,26,0) -> A | P91: =+IF(N91=D93,"ok","") -> ok
A92: 90 | B92: 23B411346 | C92: BUCHA STABILIZER BAR | D92: 4 | E92: A-B | F92: BX2 | G92: Pieza individual | H92: 4 | I92: Carro E. Delantero | L92: cb300b97-4c64-4161-a7fb-ab1bdec4422b | M92: 45702 | N92: =+VLOOKUP(B94,BOM!$A$8:$AB$1078,25,0) -> 2 | O92: =+VLOOKUP(B94,BOM!$A$8:$AB$1078,26,0) -> A | P92: =+IF(N92=D94,"ok","") -> ok
A93: 91 | B93: 23B511151D | C93: FEIXE DE MOLAS TRASEIRO PARA USO AUTOMOT | D93: 2 | E93: A-B | F93: BX2 | G93: Pieza individual | H93: 2 | I93: Carro E. Trasero | L93: 4b58aa54-e854-4633-a8a2-87c96a0cc985 | M93: 45702 | N93: =+VLOOKUP(B95,BOM!$A$8:$AB$1078,25,0) -> 1 | O93: =+VLOOKUP(B95,BOM!$A$8:$AB$1078,26,0) -> A | P93: =+IF(N93=D95,"ok","") -> ok
A94: 92 | B94: 23B511253 | C94: TIRANTE APOIO DO ESTABILIZADOR TRASEIRO | D94: 2 | E94: A-B | F94: BX2 | G94: Pieza individual | H94: 2 | I94: Carro E. Trasero | L94: 9a7fc739-f456-4646-be5c-665d0ef477b4 | M94: 45429 | N94: =+VLOOKUP(B96,BOM!$A$8:$AB$1078,25,0) -> 2 | O94: =+VLOOKUP(B96,BOM!$A$8:$AB$1078,26,0) -> A | P94: =+IF(N94=D96,"ok","") -> ok
A95: 93 | B95: 23B511309A | C95: BARRA ESTABILIZADORA SUSPENSAO TRASEIRA | D95: 1 | E95: A-B | F95: BX2 | G95: Pieza individual | H95: 1 | I95: Carro E. Trasero | L95: d84ca6f6-72a7-4383-82f4-3de5e275bd1d | M95: 45429 | N95: =+VLOOKUP(B97,BOM!$A$8:$AB$1078,25,0) -> 1 | O95: =+VLOOKUP(B97,BOM!$A$8:$AB$1078,26,0) -> A | P95: =+IF(N95=D97,"ok","") -> ok
A96: 94 | B96: 23B511415A | C96: BUCHA DE RETENCAO DE ACO DA SUSPENSAO | D96: 2 | E96: A-B | F96: BX2 | G96: Pieza individual | H96: 2 | I96: Carro E. Trasero | L96: 440fe11b-7872-49db-acf3-5c764fe15b83 | M96: 45429 | N96: =+VLOOKUP(B98,BOM!$A$8:$AB$1078,25,0) -> 1 | O96: =+VLOOKUP(B98,BOM!$A$8:$AB$1078,26,0) -> A | P96: =+IF(N96=D98,"ok","") -> ok
... A100: 98 | B100: 23B599175 | C100: PLACA DO GRAMPO DA MOLA | D100: 2 | E100: A-B | F100: BX2 | G100: Pieza individual | H100: 2 | I100: Carro E. Trasero | L100: f21e521b-e58c-467d-932f-83121e7fbdef | M100: 45429 | N100: =+VLOOKUP(B102,BOM!$A$8:$AB$1078,25,0) -> 1 | O100: =+VLOOKUP(B102,BOM!$A$8:$AB$1078,26,0) -> C | P100: =+IF(N100=D102,"ok","") -> ok
A101: 99 | B101: 23B919183C | C101: SENSOR DO NIVEL DE COMBUSTIVEL PARA USO | D101: 1 | E101: C-D | F101: BX2 | G101: Caja de cartón | H101: 1 | I101: Carro Bandejas 8 | J101: Nivel 3 | L101: c8b54836-5360-41bd-9ec5-13cc4c53b4d7 | N101: =+VLOOKUP(B103,BOM!$A$8:$AB$1078,25,0) -> 1 | O101: =+VLOOKUP(B103,BOM!$A$8:$AB$1078,26,0) -> C | P101: =+IF(N101=D103,"ok","") -> ok
A102: 100 | B102: 2V1607891B | C102: BRACKET | D102: 1 | E102: C-D | F102: BX2 | G102: Pieza individual | H102: 1 | I102: Carro Bandejas 9 | J102: 2 | K102: CARRO VÁLVULAS | L102: efd38914-ac7e-4b0c-beca-4d5a5c57f050
A103: 101 | B103: 23B131121N | C103: SUPORTE UNIDADE DE ASPIRACAO USO AUTOM | D103: 1 | E103: C-D | F103: BX2 | G103: Pieza individual | H103: 1 | I103: Carro Bandejas 9 | J103: Nivel 2 | K103: CARRO VÁLVULAS | L103: 5226aaf4-3da0-4649-8502-ca7a9c6d2f9f | M103: 45429 | N103: =+VLOOKUP(B105,BOM!$A$8:$AB$1078,25,0) -> 2 | O103: =+VLOOKUP(B105,BOM!$A$8:$AB$1078,26,0) -> C | P103: =+IF(N103=D105,"ok","") -> ok
A104: 102 | B104: 23B899381 | C104: APOIO FIXACAO DA CABINA | D104: 2 | E104: C-D | F104: BX2 | G104: Pieza individual | H104: 2 | I104: Carro Bandejas 9 | J104: Nivel 2 | K104: CARRO VÁLVULAS | L104: ce73e853-880a-43fe-a556-76a15b0ae519 | M104: 45429 | N104: =+VLOOKUP(B106,BOM!$A$8:$AB$1078,25,0) -> 1 | O104: =+VLOOKUP(B106,BOM!$A$8:$AB$1078,26,0) -> D | P104: =+IF(N104=D106,"ok","") -> ok
A105: 103 | B105: 23B899517 | C105: SUPORTE PARA AMORTECEDOR SUPERIOR | D105: 2 | E105: C-D | F105: BX2 | G105: Pieza individual | H105: 2 | I105: Carro Bandejas 9 | J105: Nivel 2 | K105: CARRO VÁLVULAS | L105: 60f67a61-ab8c-4880-b924-e1176e07c51e | M105: 45429 | N105: =+VLOOKUP(B107,BOM!$A$8:$AB$1078,25,0) -> 1 | O105: =+VLOOKUP(B107,BOM!$A$8:$AB$1078,26,0) -> D | P105: =+IF(N105=D107,"ok","") -> ok
A106: 104 | B106: 23B521101CK | C106: ÁRVORE DE TRANSMISSÃO DIANTEIRA | D106: 1 | E106: C-D | F106: BX2 | G106: Pieza individual | H106: 1 | I106: Carro premontajes | L106: 6972488c-1019-4918-852c-1eda9def32e5 | M106: 45429 | N106: =+VLOOKUP(B108,BOM!$A$8:$AB$1078,25,0) -> 1 | O106: =+VLOOKUP(B108,BOM!$A$8:$AB$1078,26,0) -> D | P106: =+IF(N106=D108,"ok","") -> ok
A107: 105 | B107: 23B521101CP | C107: ÁRVORE DE TRANSMISSÃO TRASEIRA | D107: 1 | E107: C-D | F107: BX2 | G107: Pieza individual | H107: 1 | I107: Carro premontajes | L107: 97d5c28a-0eac-4547-aff8-98c8b17d04d1 | M107: 45429 | N107: =+VLOOKUP(B109,BOM!$A$8:$AB$1078,25,0) -> 1 | O107: =+VLOOKUP(B109,BOM!$A$8:$AB$1078,26,0) -> 5 | P107: =+IF(N107=D109,"ok","") -> ok
A108: 106 | B108: 2V3010527B | C108: ETIQUETA ADVERTEN. | D108: 1 | E108: C-D | F108: BX2 | G108: KLT 3214 | H108: 8 | I108: Carro Bandejas 8 | L108: 3153530e-67f0-4d29-abdf-0c6f14235cea | M108: 45429 | N108: =+VLOOKUP(B110,BOM!$A$8:$AB$1078,25,0) -> 1 | O108: =+VLOOKUP(B110,BOM!$A$8:$AB$1078,26,0) -> 0 | P108: =+IF(N108=D110,"ok","") -> ok
A109: 107 | B109: 23B422195 | C109: COVER | D109: 1 | E109: 5 | F109: BX2 (9.170) BX3(11.180) | G109: Pieza individual | H109: 1 | I109: Carro Bandejas 5 | J109: Nivel 2 | K109: cambio de C-D a P5 | L109: c9f9bd4f-9d58-4de1-b0e1-794e94b83492 | M109: 45429 | N109: =+VLOOKUP(B111,BOM!$A$8:$AB$1078,25,0) -> 1 | O109: =+VLOOKUP(B111,BOM!$A$8:$AB$1078,26,0) -> 1 | P109: =+IF(N109=D111,"ok","") -> ok
A110: 108 | B110: 23F131113 | C110: METERING UNIT | D110: 1 | E110: 0-1 | F110: BX3 | G110: Pieza individual | H110: 1 | I110: Carro Bandejas 1 | J110: Nivel 1 | L110: 644df4f1-35ab-4022-a14f-b15106c1c58c | M110: 45429 | N110: =+VLOOKUP(B112,BOM!$A$8:$AB$1078,25,0) -> 2 | O110: =+VLOOKUP(B112,BOM!$A$8:$AB$1078,26,0) -> 0 | P110: =+IF(N110=D112,"ok","") -> ok
A111: 109 | B111: 2P0906261B | C111: SENSOR DE MASSA DE AR NOX USO AUTOMOTIVO | D111: 1 | E111: 0-1 | F111: BX3 | G111: Pieza individual | H111: 1 | I111: Carro Bandejas 1 | J111: Nivel 1 | L111: 53143f81-bb30-472f-88f3-0de05b3a7571 | M111: 45429 | N111: =+VLOOKUP(B113,BOM!$A$8:$AB$1078,25,0) -> 1 | O111: =+VLOOKUP(B113,BOM!$A$8:$AB$1078,26,0) -> 0 | P111: =+IF(N111=D113,"ok","") -> ok
A112: 110 | B112: TAP803295 | C112: TIRANTE | D112: 2 | E112: 0-1 | F112: BX3 | G112: Pieza individual | H112: 2 | I112: Carro Bandejas 1 | J112: Nivel 1 | L112: 4802d31b-cd87-476b-a674-d6a39c830fed | M112: 45429 | N112: =+VLOOKUP(B114,BOM!$A$8:$AB$1078,25,0) -> 1 | O112: =+VLOOKUP(B114,BOM!$A$8:$AB$1078,26,0) -> 0 | P112: =+IF(N112=D114,"ok","") -> ok
...

Sheet 11.180 - TBETS1
A1: Listado maestro de embalajes de componentes Delivery DG 11.180 - TBETS1 | J1: Rev | K1: =+BOM!D2 -> 45953
A2: item | B2: Materialnumber | C2: Material short text | D2: Uso por _Puesto | E2: _Puesto LF | F2: EMBALAJE Proveedor | G2: Embalaje línea | H2: Módulo de abastecimiento | I2: Medio de Abastecimiento | J2: Nivel | K2: Observaciones | L2: __PowerAppsId__ | M2: revisión
A3: 1 | B3: 23B700025L | C3: CHASSIS | D3: 1 | E3: 0-1 | F3: BCH | G3: Pieza individual | H3: 1 | I3: Caballetes | L3: 26891d20-c2c8-4a64-9550-a0ca439348e3 | M3: 45429 | N3: =+VLOOKUP(B3,BOM!$A$8:$AB$1078,27,0) -> 1 | O3: =+VLOOKUP(B3,BOM!$A$8:$AB$1078,28,0) -> 0 | P3: 1
A4: 2 | B4: 23B500048K | C4: REAR AXLE | D4: 1 | E4: A-B | F4: BEX2 | G4: Pieza individual | H4: 1 | I4: Carro E. Trasero | K4: Cambio de referancia | L4: 871d5e40-dbd1-4974-aee4-e4bc89b28792 | M4: 45429 | N4: =+VLOOKUP(B4,BOM!$A$8:$AB$1078,27,0) -> 1 | O4: =+VLOOKUP(B4,BOM!$A$8:$AB$1078,28,0) -> A | P4: =+IF(N4=D4,"ok","") -> ok
A5: 3 | B5: 23H607359E | C5: Silenciador | D5: 1 | E5: C-D | F5: BOX 1 | G5: Pieza individual | H5: 1 | I5: Carro Bandejas 9 | L5: b63fd265-d3a4-4f1e-8480-74f72b537669 | M5: 45429 | N5: =+VLOOKUP(B5,BOM!$A$8:$AB$1078,27,0) -> 1 | O5: =+VLOOKUP(B5,BOM!$A$8:$AB$1078,28,0) -> C | P5: =+IF(N5=D5,"ok","") -> ok
A6: 4 | B6: 23B121249F | C6: MODULO DE RADIADOR PARA USO AUTOMOTIVO | D6: 1 | E6: C-D | F6: BRA | G6: Pieza individual | H6: 1 | I6: Embalaje original | L6: e6818c36-a3e6-4f5a-9e34-429cb1ce9966 | M6: 45429 | N6: =+VLOOKUP(B6,BOM!$A$8:$AB$1078,27,0) -> 1 | O6: =+VLOOKUP(B6,BOM!$A$8:$AB$1078,28,0) -> C | P6: =+IF(N6=D6,"ok","") -> ok
A7: 5 | B7: 23B601011K | C7: DISK WHEEL W.TIRE | D7: 7 | E7: 3 | F7: BRD | G7: Pieza individual | H7: 7 | I7: Rack ruedas | L7: 025b1f38-ab69-40a5-a7f1-e3b13c1ca511 | M7: 45429 | N7: =+VLOOKUP(B7,BOM!$A$8:$AB$1078,27,0) -> 7 | O7: =+VLOOKUP(B7,BOM!$A$8:$AB$1078,28,0) -> 4 | P7: =+IF(N7=D7,"ok","") -> ok
A8: 6 | B8: 23B422926 | C8: SUPORTE DE TUBO DIRECAO HIDRAULICA | D8: 1 | E8: 0-1 | F8: BX1 | G8: Pieza individual | H8: 1 | I8: Carro Bandejas 1 | J8: Nivel 1 | L8: 9abcc3a1-2a6e-4b9a-a76c-a9cb682da192 | M8: 45429 | N8: =+VLOOKUP(B8,BOM!$A$8:$AB$1078,27,0) -> 1 | O8: =+VLOOKUP(B8,BOM!$A$8:$AB$1078,28,0) -> 0 | P8: =+IF(N8=D8,"ok","") -> ok
A9: 7 | B9: 23B607110 | C9: SUPORTE DO TUBO DE DESCARGA DO COMPRESSO | D9: 1 | E9: 0-1 | F9: BX1 | G9: Pieza individual | H9: 1 | I9: Carro Bandejas 1 | J9: Nivel 1 | L9: 83eb70dc-5596-40cf-aabf-e5bd07c93365 | M9: 45429 | N9: =+VLOOKUP(B9,BOM!$A$8:$AB$1078,27,0) -> 1 | O9: =+VLOOKUP(B9,BOM!$A$8:$AB$1078,28,0) -> 0 | P9: =+IF(N9=D9,"ok","") -> ok
A10: 8 | B10: 23B611775 | C10: MANGUEIRA DO FREIO ABS MODUL.VALVE | D10: 1 | E10: 0-1 | F10: BX1 | G10: Pieza individual | H10: 1 | I10: Carro Bandejas 1 | J10: Nivel 1 | L10: 1540cd48-5f30-4202-a4ee-0a0e870ff1de | M10: 45429 | N10: =+VLOOKUP(B10,BOM!$A$8:$AB$1078,27,0) -> 1 | O10: =+VLOOKUP(B10,BOM!$A$8:$AB$1078,28,0) -> 0 | P10: =+IF(N10=D10,"ok","") -> ok
A11: 9 | B11: 23B611776 | C11: MANGUEIRA DO FREIO | D11: 1 | E11: 0-1 | F11: BX1 | G11: Pieza individual | H11: 1 | I11: Carro Bandejas 1 | J11: Nivel 1 | L11: 43657a1a-db79-4f66-9e57-99184638ddbd | M11: 45429 | N11: =+VLOOKUP(B11,BOM!$A$8:$AB$1078,27,0) -> 1 | O11: =+VLOOKUP(B11,BOM!$A$8:$AB$1078,28,0) -> 0 | P11: =+IF(N11=D11,"ok","") -> ok
A12: 10 | B12: 23B701693G | C12: REFORCO DA SUSPENSAO PARA USO AUTOMOTIVO | D12: 2 | E12: 0-1 | F12: BX1 | G12: Pieza individual | H12: 2 | I12: Carro Bandejas 1 | J12: Nivel 1 | L12: 676748de-ba9b-495f-8512-7683667e1132 | M12: 45429 | N12: =+VLOOKUP(B12,BOM!$A$8:$AB$1078,27,0) -> 2 | O12: =+VLOOKUP(B12,BOM!$A$8:$AB$1078,28,0) -> 0 | P12: =+IF(N12=D12,"ok","") -> ok
A13: 11 | B13: 23B807131 | C13: SUPORTE DO PARACHOQUE DE USO AUTOMOTIVO | D13: 2 | E13: 0-1 | F13: BX1 | G13: Pieza individual | H13: 2 | I13: Carro Bandejas 1 | J13: Nivel 1 | L13: d77926ab-e96d-40d2-b6f6-ce05541bcc30 | M13: 45429 | N13: =+VLOOKUP(B13,BOM!$A$8:$AB$1078,27,0) -> 2 | O13: =+VLOOKUP(B13,BOM!$A$8:$AB$1078,28,0) -> 0 | P13: =+IF(N13=D13,"ok","") -> ok
A14: 12 | B14: 23B819055 | C14: SUPORTE EM ACO PARA TUBO DE USO AUTOMOT | D14: 1 | E14: 0-1 | F14: BX1 | G14: Pieza individual | H14: 1 | I14: Carro Bandejas 1 | J14: Nivel 1 | L14: bd486d1c-b1e4-4e57-9bff-9180a7be1691 | M14: 45429 | N14: =+VLOOKUP(B14,BOM!$A$8:$AB$1078,27,0) -> 1 | O14: =+VLOOKUP(B14,BOM!$A$8:$AB$1078,28,0) -> 0 | P14: =+IF(N14=D14,"ok","") -> ok
A15: 13 | B15: 23B907631B | C15: SOLENOID VALVE | D15: 1 | E15: 0-1 | F15: BX1 | G15: Pieza individual | H15: 1 | I15: Carro Bandejas 1 | J15: Nivel 1 | K15: 06-06-25 Opcional de 23B907631G | L15: aba9fd5e-0029-4005-b7a8-0057356c27cb | M15: 45429 | N15: =+VLOOKUP(B15,BOM!$A$8:$AB$1078,27,0) -> 1 | O15: =+VLOOKUP(B15,BOM!$A$8:$AB$1078,28,0) -> 0 | P15: =+IF(N15=D15,"ok","") -> ok
A16: 14 | B16: 23B907631G | C16: VALVULA MAGNETICA SOLENOIDE | D16: 1 | E16: 0-1 | F16: BX1 | G16: Pieza individual | H16: 1 | I16: Carro Bandejas 1 | J16: Nivel 1 | L16: 6791d62d-8a44-4ddd-a703-8a82cce0b78c | M16: 45429 | N16: =+VLOOKUP(B16,BOM!$A$8:$AB$1078,27,0) -> 1 | O16: =+VLOOKUP(B16,BOM!$A$8:$AB$1078,28,0) -> 0 | P16: =+IF(N16=D16,"ok","") -> ok
A17: 15 | B17: 23B915516 | C17: SUPORTE DE FIXACAO PARA USO AUTOMOTIVO | D17: 1 | E17: 0-1 | F17: BX1 | G17: Pieza individual | H17: 1 | I17: Carro Bandejas 1 | J17: Nivel 1 | L17: 9e03d204-b266-4160-8332-df895b5a4799 | M17: 45702 | N17: =+VLOOKUP(B17,BOM!$A$8:$AB$1078,27,0) -> 1 | O17: =+VLOOKUP(B17,BOM!$A$8:$AB$1078,28,0) -> 0 | P17: =+IF(N17=D17,"ok","") -> ok
A18: 16 | B18: 23B951183 | C18: SUPORTE DA BUZINA DE USO AUTOMOTOR | D18: 1 | E18: 0-1 | F18: BX1 | G18: Pieza individual | H18: 1 | I18: Carro Bandejas 1 | J18: Nivel 1 | L18: 6851eaeb-da67-4a82-ba33-edb48e7bb47d | M18: 45429 | N18: =+VLOOKUP(B18,BOM!$A$8:$AB$1078,27,0) -> 1 | O18: =+VLOOKUP(B18,BOM!$A$8:$AB$1078,28,0) -> 0 | P18: =+IF(N18=D18,"ok","") -> ok
A19: 17 | B19: 23B971003F | C19: SUPORTE DE ACO PARA CABO USO AUTOMOTIVO | D19: 1 | E19: 0-1 | F19: BX1 | G19: Pieza individual | H19: 1 | I19: Carro Bandejas 1 | J19: Nivel 1 | L19: 6973671c-7aee-4b75-84d7-b39a28288fed | M19: 45429 | N19: =+VLOOKUP(B19,BOM!$A$8:$AB$1078,27,0) -> 1 | O19: =+VLOOKUP(B19,BOM!$A$8:$AB$1078,28,0) -> 0 | P19: =+IF(N19=D19,"ok","") -> ok
A20: 18 | B20: 23F701693 | C20: STIFFENING | D20: 1 | E20: 0-1 | F20: BX1 | G20: Pieza individual | H20: 1 | I20: Carro Bandejas 1 | J20: Nivel 1 | L20: e1cb16a5-211c-4d87-9331-1e56884c172a | M20: 45702 | N20: =+VLOOKUP(B20,BOM!$A$8:$AB$1078,27,0) -> 1 | O20: =+VLOOKUP(B20,BOM!$A$8:$AB$1078,28,0) -> 0 | P20: =+IF(N20=D20,"ok","") -> ok
A21: 19 | B21: 2R0871195 | C21: GALAO | D21: 2 | E21: 0-1 | F21: BX1 | G21: Pieza individual | H21: 2 | I21: Carro Bandejas 1 | J21: Nivel 1 | L21: cf19f0c0-1291-4906-a797-f913c3a2f399 | M21: 45429 | N21: =+VLOOKUP(B21,BOM!$A$8:$AB$1078,27,0) -> 2 | O21: =+VLOOKUP(B21,BOM!$A$8:$AB$1078,28,0) -> 0 | P21: =+IF(N21=D21,"ok","") -> ok
A22: 20 | B22: 23B422859 | C22: TUBO | D22: 1 | E22: 0-1 | F22: BX1 | G22: Pieza individual | H22: 1 | I22: Carro Bandejas 1 | J22: Nivel 2 | L22: 5321e68e-3a37-45eb-8462-a249e91400fe | M22: 45429 | N22: =+VLOOKUP(B22,BOM!$A$8:$AB$1078,27,0) -> 1 | O22: =+VLOOKUP(B22,BOM!$A$8:$AB$1078,28,0) -> 1 | P22: =+IF(N22=D22,"ok","") -> ok
A23: 21 | B23: 23B422897 | C23: TUBO DE PRESSAO DIRECAO HIDRAULICA | D23: 1 | E23: 0-1 | F23: BX1 | G23: Pieza individual | H23: 1 | I23: Carro Bandejas 1 | J23: Nivel 2 | L23: a5e60cd0-5082-4f1a-8f15-3b995938b109 | M23: 45429 | N23: =+VLOOKUP(B23,BOM!$A$8:$AB$1078,27,0) -> 1 | O23: =+VLOOKUP(B23,BOM!$A$8:$AB$1078,28,0) -> 1 | P23: =+IF(N23=D23,"ok","") -> ok
A24: 22 | B24: 23A253319 | C24: SUPORTE DO CATALISADOR TRAS P USO AUTO | D24: 1 | E24: 0-1 | F24: BX1 | G24: Pieza individual | H24: 1 | I24: Carro Bandejas 1 | J24: Nivel 3 | L24: decce896-95a0-4362-8c55-48f947411edd | M24: 45429 | N24: =+VLOOKUP(B24,BOM!$A$8:$AB$1078,27,0) -> 1 | O24: =+VLOOKUP(B24,BOM!$A$8:$AB$1078,28,0) -> 0 | P24: =+IF(N24=D24,"ok","") -> ok
A25: 23 | B25: 23A253319A | C25: SUPORTE DO CATALISADOR TRAS P USO AUTO | D25: 1 | E25: 0-1 | F25: BX1 | G25: Pieza individual | H25: 1 | I25: Carro Bandejas 1 | J25: Nivel 3 | L25: c35c1214-f3a9-4ab1-9867-c98e2f5ccf7f | M25: 45702 | N25: =+VLOOKUP(B25,BOM!$A$8:$AB$1078,27,0) -> 1 | O25: =+VLOOKUP(B25,BOM!$A$8:$AB$1078,28,0) -> 0 | P25: =+IF(N25=D25,"ok","") -> ok
A26: 24 | B26: 23B721482 | C26: TUBO DE PRESSAO DA EMBREAGEM DE USO AUT | D26: 1 | E26: 2 | F26: BX1 | G26: Pieza individual | H26: 1 | I26: Carro Bandejas 2 | J26: Nivel 1 | L26: 4dad8800-cbc7-43bb-8930-f3c41f094011 | M26: 45429 | N26: =+VLOOKUP(B26,BOM!$A$8:$AB$1078,27,0) -> 1 | O26: =+VLOOKUP(B26,BOM!$A$8:$AB$1078,28,0) -> 2 | P26: =+IF(N26=D26,"ok","") -> ok
A27: 25 | B27: 23B201173L | C27: RETURN PIPE | D27: 1 | E27: 2 | F27: BX1 | G27: Pieza individual | H27: 1 | I27: Carro Bandejas 2 | J27: Nivel 2 | L27: 0d608ca2-2b32-4c0d-a8fe-9de771c56da2 | M27: 45702 | N27: =+VLOOKUP(B27,BOM!$A$8:$AB$1078,27,0) -> 1 | O27: =+VLOOKUP(B27,BOM!$A$8:$AB$1078,28,0) -> 2 | P27: =+IF(N27=D27,"ok","") -> ok
... A29: 27 | B29: 23B607862H | C29: BRAKE LINE | D29: 2 | E29: 2 | F29: BX1 | G29: Pieza individual | H29: 2 | I29: Carro Bandejas 2 | J29: Nivel 3 | L29: 989d6938-d5f4-4125-8a90-753d5175960f | M29: 45702 | N29: =+VLOOKUP(B29,BOM!$A$8:$AB$1078,27,0) -> 2 | O29: =+VLOOKUP(B29,BOM!$A$8:$AB$1078,28,0) -> 2 | P29: =+IF(N29=D29,"ok","") -> ok
A30: 28 | B30: 23B698705G | C30: TUBO DE FREIO DE USO AUTOMOTIVO | D30: 1 | E30: 2 | F30: BX1 | G30: Pieza individual | I30: Carro Bandejas 2 | J30: Nivel 3 | L30: 6c37d69d-c5e8-459e-bc6a-e7b7066f241e | M30: 45702 | N30: =+VLOOKUP(B30,BOM!$A$8:$AB$1078,27,0) | O30: =+VLOOKUP(B30,BOM!$A$8:$AB$1078,28,0) | P30: =+IF(N30=D30,"ok","")
A31: 29 | B31: 23B971011HK | C31: HARNESS,REAR COMB. LAMP | D31: 1 | E31: 2 | F31: BX1 | G31: Pieza individual | H31: 1 | I31: Carro Bandejas 2 | J31: Nivel 3 | L31: 196a794c-0846-42f5-881e-1f5801e272aa | M31: 45702 | N31: =+VLOOKUP(B31,BOM!$A$8:$AB$1078,27,0) -> 1 | O31: =+VLOOKUP(B31,BOM!$A$8:$AB$1078,28,0) -> 2 | P31: =+IF(N31=D31,"ok","") -> ok
A32: 30 | B32: 2R0253093 | C32: SUPORTE COMPLETO | D32: 2 | E32: 3 | F32: BX1 | G32: Pieza individual | H32: 2 | I32: Carro Bandejas 3 | J32: Nivel 3 | L32: a6343ba9-ea21-45b4-97bf-db18240ad415 | M32: 45429 | N32: =+VLOOKUP(B32,BOM!$A$8:$AB$1078,27,0) -> 2 | O32: =+VLOOKUP(B32,BOM!$A$8:$AB$1078,28,0) -> 3 | P32: =+IF(N32=D32,"ok","") -> ok
A33: 31 | B33: 23B201512D | C33: FILTER W/ PRESSURE REGULATOR | D33: 1 | E33: 4 | F33: BX1 | G33: Pieza individual | H33: 1 | I33: Carro Bandejas 4 | J33: Nivel 1 | L33: 042786b5-85d1-473a-bafb-6c79295f0406 | M33: 45429 | N33: =+VLOOKUP(B33,BOM!$A$8:$AB$1078,27,0) -> 1 | O33: =+VLOOKUP(B33,BOM!$A$8:$AB$1078,28,0) -> 4 | P33: =+IF(N33=D33,"ok","") -> ok
A34: 32 | B34: 23B899330 | C34: ABRACADEIRA BARRA DE TORCAO | D34: 2 | E34: 4 | F34: BX1 | G34: Pieza individual | H34: 2 | I34: Carro Bandejas 4 | J34: Nivel 1 | L34: d0fce3b5-99e7-497a-b9ca-2dc9350d3432 | M34: 45429 | N34: =+VLOOKUP(B34,BOM!$A$8:$AB$1078,27,0) -> 2 | O34: =+VLOOKUP(B34,BOM!$A$8:$AB$1078,28,0) -> 4 | P34: =+IF(N34=D34,"ok","") -> ok
A35: 33 | B35: T15507139 | C35: SUPORTE | D35: 1 | E35: 4 | F35: BX1 | G35: Pieza individual | H35: 1 | I35: Carro Bandejas 4 | J35: Nivel 1 | L35: fcd8fdd4-8e66-48bf-868c-b431afb4c71b | M35: 45429 | N35: =+VLOOKUP(B35,BOM!$A$8:$AB$1078,27,0) -> 1 | O35: =+VLOOKUP(B35,BOM!$A$8:$AB$1078,28,0) -> 4 | P35: =+IF(N35=D35,"ok","") -> ok
A36: 34 | B36: 23B607462B | C36: TUBO DESCARGA COMPRESSOR P USO AUTOMO | D36: 1 | E36: 4 | F36: BX1 | G36: Pieza individual | H36: 1 | I36: Carro Bandejas 4 | J36: Nivel 2 | L36: 24fea796-1a1f-4554-91eb-67b4b897f515 | M36: 45429 | N36: =+VLOOKUP(B36,BOM!$A$8:$AB$1078,27,0) -> 1 | O36: =+VLOOKUP(B36,BOM!$A$8:$AB$1078,28,0) -> 4 | P36: =+IF(N36=D36,"ok","") -> ok
A37: 35 | B37: 23B898171 | C37: CABO DE RETENCAO PARA USO AUTOMOTIVO | D37: 1 | E37: 4 | F37: BX1 | G37: Pieza individual | H37: 1 | I37: Carro Bandejas 4 | J37: Nivel 2 | L37: e2e38f64-4809-4dee-8f60-31e3ed154234 | M37: 45429 | N37: =+VLOOKUP(B37,BOM!$A$8:$AB$1078,27,0) -> 1 | O37: =+VLOOKUP(B37,BOM!$A$8:$AB$1078,28,0) -> 4 | P37: =+IF(N37=D37,"ok","") -> ok
A38: 36 | B38: 23B898171A | C38: CABO DE SEGURANCA P VEICULOS AUTOMOTORES | D38: 1 | E38: 4 | F38: BX1 | G38: Pieza individual | H38: 1 | I38: Carro Bandejas 4 | J38: Nivel 2 | L38: 2cabbf77-707b-406e-aaa4-fc6b57daa5e8 | M38: 45429 | N38: =+VLOOKUP(B38,BOM!$A$8:$AB$1078,27,0) -> 1 | O38: =+VLOOKUP(B38,BOM!$A$8:$AB$1078,28,0) -> 4 | P38: =+IF(N38=D38,"ok","") -> ok
A39: 37 | B39: 23B201353S | C39: FUEL PIPE | D39: 1 | E39: 4 | F39: BX1 | G39: Pieza individual | H39: 1 | I39: Carro Bandejas 4 | J39: Nivel 3 | K39: cambio de P5 a P4 | L39: 19895265-1c4d-4a6f-9bb9-2fbfc57c1051 | M39: 45429 | N39: =+VLOOKUP(B39,BOM!$A$8:$AB$1078,27,0) -> 1 | O39: =+VLOOKUP(B39,BOM!$A$8:$AB$1078,28,0) -> 2 | P39: =+IF(N39=D39,"ok","") -> ok
A40: 38 | B40: 23B422849A | C40: SUPORTE RESERVATORIO DIRECAO HIDRAULICA | D40: 1 | E40: 5 | F40: BX1 | G40: Pieza individual | H40: 1 | I40: Carro Bandejas 5 | K40: Cambio de medio | L40: dd40c031-08a6-4f78-94a3-9ec84444449a | M40: 45429 | N40: =+VLOOKUP(B40,BOM!$A$8:$AB$1078,27,0) -> 1 | O40: =+VLOOKUP(B40,BOM!$A$8:$AB$1078,28,0) -> 5 | P40: =+IF(N40=D40,"ok","") -> ok
A41: 39 | B41: 2TA145171 | C41: RESERVATORIO OLEO | D41: 1 | E41: 5 | F41: BX1 | G41: Pieza individual | H41: 1 | I41: Carro Bandejas 5 | K41: Cambio de medio / puesto | L41: fa827191-2285-4b7f-aac4-5296f960118e | M41: 45429 | N41: =+VLOOKUP(B41,BOM!$A$8:$AB$1078,27,0) -> 1 | O41: =+VLOOKUP(B41,BOM!$A$8:$AB$1078,28,0) -> 5 | P41: =+IF(N41=D41,"ok","") -> ok
A42: 40 | B42: 23B854735C | C42: CANTONEIRA REFORCO DO ESTRIBO DE USO AUT | D42: 2 | E42: 6 | F42: BX1 | G42: Pieza individual | H42: 2 | I42: Carro Bandejas 6 | J42: Nivel 1 | L42: 0781c069-ef4c-4077-bb83-b0454d49daa0 | M42: 45429 | N42: =+VLOOKUP(B42,BOM!$A$8:$AB$1078,27,0) -> 2 | O42: =+VLOOKUP(B42,BOM!$A$8:$AB$1078,28,0) -> 6 | P42: =+IF(N42=D42,"ok","") -> ok
A43: 41 | B43: 23B419831D | C43: COIFA DE BORRACHA COLUNA DE DIRECAO | D43: 1 | E43: 6 | F43: BX1 | G43: Pieza individual | H43: 1 | I43: Carro Bandejas 6 | J43: Nivel 2 | L43: f432713d-ac1b-47b3-ae65-5db7909b8468 | M43: 45429 | N43: =+VLOOKUP(B43,BOM!$A$8:$AB$1078,27,0) -> 1 | O43: =+VLOOKUP(B43,BOM!$A$8:$AB$1078,28,0) -> 6 | P43: =+IF(N43=D43,"ok","") -> ok
A44: 42 | B44: 23F607251A | C44: PRESSURE ACCUMULATOR | D44: 1 | E44: C-D | F44: BX1 | G44: Pieza individual | H44: 1 | I44: Carro premontajes | J44: 1 | L44: 0da5e477-0c04-47fd-a10d-af0db3043966 | M44: 45429 | N44: =+VLOOKUP(B44,BOM!$A$8:$AB$1078,27,0) -> 1 | O44: =+VLOOKUP(B44,BOM!$A$8:$AB$1078,28,0) -> C | P44: =+IF(N44=D44,"ok","") -> ok
A45: 43 | B45: 23B607359C | C45: FOUR-WAY VALVE | D45: 1 | E45: C-D | F45: BX1 | G45: Pieza individual | H45: 1 | I45: Carro Bandejas 9 | J45: 1 | K45: CARRO VÁLVULAS | L45: 21928587-ccae-4728-9a42-b67d481dc1e2 | M45: 45429 | N45: =+VLOOKUP(B45,BOM!$A$8:$AB$1078,27,0) -> 1 | O45: =+VLOOKUP(B45,BOM!$A$8:$AB$1078,28,0) -> C | P45: =+IF(N45=D45,"ok","") -> ok
A46: 44 | B46: 23B607359D | C46: FOUR-WAY VALVE | D46: 1 | E46: C-D | F46: BX1 | G46: Pieza individual | H46: 1 | I46: Carro Bandejas 9 | J46: 1 | K46: CARRO VÁLVULAS | L46: 477a401a-d1fb-42ee-834c-e3d146757cfc | M46: 45429 | N46: =+VLOOKUP(B46,BOM!$A$8:$AB$1078,27,0) -> 1 | O46: =+VLOOKUP(B46,BOM!$A$8:$AB$1078,28,0) -> C | P46: =+IF(N46=D46,"ok","") -> ok
A47: 45 | B47: 23P607879B | C47: BRACKET | D47: 1 | E47: C-D | F47: BX1 | G47: Pieza individual | H47: 1 | I47: Carro Bandejas 9 | J47: 2 | K47: CARRO VÁLVULAS | L47: b9e21947-f9c3-4f07-903e-03d49ca5badd | M47: 45429 | N47: =+VLOOKUP(B47,BOM!$A$8:$AB$1078,27,0) -> 1 | O47: =+VLOOKUP(B47,BOM!$A$8:$AB$1078,28,0) -> C | P47: =+IF(N47=D47,"ok","") -> ok
A48: 46 | B48: 2V1607359B | C48: FOUR-WAY VALVE | D48: 1 | E48: C-D | F48: BX1 | G48: Pieza individual | H48: 1 | I48: Carro Bandejas 9 | J48: 2 | K48: CARRO VÁLVULAS | L48: 28759ec9-d75b-413d-9706-f6a54da49556 | M48: 45429 | N48: =+VLOOKUP(B48,BOM!$A$8:$AB$1078,27,0) -> 1 | O48: =+VLOOKUP(B48,BOM!$A$8:$AB$1078,28,0) -> C | P48: =+IF(N48=D48,"ok","") -> ok
A49: 47 | B49: 2V3607262B | C49: PRESSURE CONTROL VALVE | D49: 2 | E49: C-D | F49: BX1 | G49: Pieza individual | H49: 2 | I49: Carro Bandejas 9 | J49: 2 | K49: CARRO VÁLVULAS | L49: 4d782fe2-6ccb-403e-bb42-346d58a5682f | M49: 45429 | N49: =+VLOOKUP(B49,BOM!$A$8:$AB$1078,27,0) -> 2 | O49: =+VLOOKUP(B49,BOM!$A$8:$AB$1078,28,0) -> C | P49: =+IF(N49=D49,"ok","") -> ok
A50: 48 | B50: 23B899397 | C50: COXIM DE BORRACHA SUSPENSAO DA CABINA | D50: 4 | E50: C-D | F50: BX1 | G50: Pieza individual | H50: 4 | I50: Carro Bandejas 9 | J50: Nivel 2 | K50: CARRO VÁLVULAS | L50: de06eb38-7dde-4947-8f49-79a1abad4a2a | M50: 45429 | N50: =+VLOOKUP(B50,BOM!$A$8:$AB$1078,27,0) -> 4 | O50: =+VLOOKUP(B50,BOM!$A$8:$AB$1078,28,0) -> C | P50: =+IF(N50=D50,"ok","") -> ok
A51: 49 | B51: 2W0607373E | C51: DRIER | D51: 1 | E51: C-D | F51: BX1 | G51: Pieza individual | H51: 1 | I51: Carro Bandejas 9 | K51: CARRO VÁLVULAS | L51: 54c86540-6ed6-4343-9edb-a31c76600441 | M51: 45429 | N51: =+VLOOKUP(B51,BOM!$A$8:$AB$1078,27,0) -> 1 | O51: =+VLOOKUP(B51,BOM!$A$8:$AB$1078,28,0) -> C | P51: =+IF(N51=D51,"ok","") -> ok
A52: 50 | B52: 23B607251 | C52: RESERVATORIO DE AR | D52: 1 | E52: C-D | F52: BX1 | G52: Pieza individual | H52: 1 | I52: Carro premontajes | L52: cd6d919c-c7ab-495e-bb5a-0537bdf6d792 | M52: 45429 | N52: =+VLOOKUP(B52,BOM!$A$8:$AB$1078,27,0) -> 1 | O52: =+VLOOKUP(B52,BOM!$A$8:$AB$1078,28,0) -> C | P52: =+IF(N52=D52,"ok","") -> ok
A53: 51 | B53: 23B607289B | C53: TUBO DE FREIO DE USO AUTOMOTIVO | D53: 1 | E53: 2 | F53: BX1 | G53: Pieza individual | H53: 1 | I53: Carro Bandejas 2 | L53: df0a8819-0b9a-4eee-8a00-ca226832381c | M53: 45429 | N53: =+VLOOKUP(B53,BOM!$A$8:$AB$1078,27,0) -> 1 | O53: =+VLOOKUP(B53,BOM!$A$8:$AB$1078,28,0) -> 2 | P53: =+IF(N53=D53,"ok","") -> ok
A54: 52 | B54: 23B411617 | C54: SUPORTE DE ACO DE FIXACAO USO AUTOMOTIVO | D54: 2 | E54: 0-1 | F54: BX2 | G54: Pieza individual | H54: 2 | I54: Carro Bandejas 1 | J54: Nivel 1 | L54: 8e878eeb-45a2-486c-921c-df33b9cc2cc6 | M54: 45429 | N54: =+VLOOKUP(B54,BOM!$A$8:$AB$1078,27,0) -> 2 | O54: =+VLOOKUP(B54,BOM!$A$8:$AB$1078,28,0) -> 0 | P54: =+IF(N54=D54,"ok","") -> ok
A55: 53 | B55: 23B607879 | C55: SUPORTE ACO TUBOS AR COMPRIMIDO FREIO US | D55: 1 | E55: 0-1 | F55: BX2 | G55: Pieza individual | H55: 1 | I55: Carro Bandejas 1 | J55: Nivel 1 | L55: 2208c1b3-3d9a-4c92-985c-092fbf847e6d | M55: 45429 | N55: =+VLOOKUP(B55,BOM!$A$8:$AB$1078,27,0) -> 1 | O55: =+VLOOKUP(B55,BOM!$A$8:$AB$1078,28,0) -> 0 | P55: =+IF(N55=D55,"ok","") -> ok
A56: 54 | B56: 23B607879D | C56: SUPORTE ACO TUBOS AR COMPRIMIDO FREIO US | D56: 2 | E56: 0-1 | F56: BX2 | G56: Pieza individual | H56: 2 | I56: Carro Bandejas 1 | J56: Nivel 1 | K56: 06-06-25 corrige cant2 | L56: d2af5ba4-03d9-4ce6-912a-09720ba4fcc1 | M56: 45429 | N56: =+VLOOKUP(B56,BOM!$A$8:$AB$1078,27,0) -> 2 | O56: =+VLOOKUP(B56,BOM!$A$8:$AB$1078,28,0) -> 0 | P56: =+IF(N56=D56,"ok","") -> ok
A57: 55 | B57: 23B711886A | C57: SUPORTE PARA CABO DE USO AUTOMOTIVO | D57: 1 | E57: 0-1 | F57: BX2 | G57: Pieza individual | H57: 1 | I57: Carro Bandejas 1 | J57: Nivel 1 | L57: 8cd0503d-d68a-4940-8594-837c9e9979eb | M57: 45429 | N57: =+VLOOKUP(B57,BOM!$A$8:$AB$1078,27,0) -> 1 | O57: =+VLOOKUP(B57,BOM!$A$8:$AB$1078,28,0) -> 0 | P57: =+IF(N57=D57,"ok","") -> ok
A58: 56 | B58: 23B711886D | C58: 1UPORTE PARA CABO DE USO AUTOMOTIVO | D58: 1 | E58: 0-1 | F58: BX2 | G58: Pieza individual | H58: 1 | I58: Carro Bandejas 1 | J58: Nivel 1 | L58: 362ece7f-2cbb-4e73-80db-9050cee86f21 | M58: 45429 | N58: =+VLOOKUP(B58,BOM!$A$8:$AB$1078,27,0) -> 1 | O58: =+VLOOKUP(B58,BOM!$A$8:$AB$1078,28,0) -> 0 | P58: =+IF(N58=D58,"ok","") -> ok
A59: 57 | B59: 23B721882 | C59: SUPORTE DE USO AUTOMOTIVO | D59: 2 | E59: 0-1 | F59: BX2 | G59: Pieza individual | H59: 2 | I59: Carro Bandejas 1 | J59: Nivel 1 | L59: 12472bf4-a45b-4a4d-9b23-58de0e53d663 | M59: 45429 | N59: =+VLOOKUP(B59,BOM!$A$8:$AB$1078,27,0) -> 2 | O59: =+VLOOKUP(B59,BOM!$A$8:$AB$1078,28,0) -> 0 | P59: =+IF(N59=D59,"ok","") -> ok
A60: 58 | B60: 23B821151 | C60: BRACKET,FENDER | D60: 1 | E60: 0-1 | F60: BX2 | G60: Pieza individual | H60: 1 | I60: Carro Bandejas 1 | J60: Nivel 1 | L60: 3830db1e-ce10-45d2-bf17-e0eb0d944404 | M60: 45429 | N60: =+VLOOKUP(B60,BOM!$A$8:$AB$1078,27,0) -> 1 | O60: =+VLOOKUP(B60,BOM!$A$8:$AB$1078,28,0) -> 0 | P60: =+IF(N60=D60,"ok","") -> ok
A61: 59 | B61: 23B899555 | C61: TRAVA LINGUETA DE SEGURANCA PARA CABINA | D61: 1 | E61: 0-1 | F61: BX2 | G61: Pieza individual | H61: 1 | I61: Carro Bandejas 1 | J61: Nivel 1 | L61: 9b546989-b2a0-49cf-bd3e-b5ff24eb595d | M61: 45429 | N61: =+VLOOKUP(B61,BOM!$A$8:$AB$1078,27,0) -> 1 | O61: =+VLOOKUP(B61,BOM!$A$8:$AB$1078,28,0) -> 0 | P61: =+IF(N61=D61,"ok","") -> ok
A62: 60 | B62: 23B906357 | C62: SUPORTE SENSOR DE USO AUTOMOTIVO | D62: 1 | E62: 0-1 | F62: BX2 | G62: Pieza individual | H62: 1 | I62: Carro Bandejas 1 | J62: Nivel 1 | L62: 175d844c-a065-4b04-9e19-0b4bcabae1ce | M62: 45429 | N62: =+VLOOKUP(B62,BOM!$A$8:$AB$1078,27,0) -> 1 | O62: =+VLOOKUP(B62,BOM!$A$8:$AB$1078,28,0) -> 0 | P62: =+IF(N62=D62,"ok","") -> ok
A63: 61 | B63: 23F253047C | C63: SUPORTE PTUBO GAS DE ESCAPE DE USO AUTO | D63: 1 | E63: 0-1 | F63: BX2 | G63: Pieza individual | H63: 1 | I63: Carro Bandejas 1 | J63: Nivel 1 | L63: 9b7eb1a3-d7b7-457c-bb0f-80b65ad6c296 | M63: 45429 | N63: =+VLOOKUP(B63,BOM!$A$8:$AB$1078,27,0) -> 1 | O63: =+VLOOKUP(B63,BOM!$A$8:$AB$1078,28,0) -> 0 | P63: =+IF(N63=D63,"ok","") -> ok
A64: 62 | B64: 23M945403 | C64: BRACKET | D64: 2 | E64: 0-1 | F64: BX2 | G64: Pieza individual | H64: 2 | I64: Carro Bandejas 1 | J64: Nivel 1 | L64: 30e9f7b5-da72-45b2-807e-c81f49d56a9d | M64: 45429 | N64: =+VLOOKUP(B64,BOM!$A$8:$AB$1078,27,0) -> 2 | O64: =+VLOOKUP(B64,BOM!$A$8:$AB$1078,28,0) -> 0 | P64: =+IF(N64=D64,"ok","") -> ok
A65: 63 | B65: 2R0951209B | C65: BUZINA COM SUPORTE PARA USO AUTOMOTIVO | D65: 1 | E65: 0-1 | F65: BX2 | G65: Pieza individual | H65: 1 | I65: Carro Bandejas 1 | J65: Nivel 1 | L65: 94fd23ec-69a1-4293-978c-22d09016d807 | M65: 45429 | N65: =+VLOOKUP(B65,BOM!$A$8:$AB$1078,27,0) -> 1 | O65: =+VLOOKUP(B65,BOM!$A$8:$AB$1078,28,0) -> 0 | P65: =+IF(N65=D65,"ok","") -> ok
A66: 64 | B66: 23B821152D | C66: SUPORTE ACO PARALAMA LD USO AUTOMOTIVO | D66: 1 | E66: 0-1 | F66: BX2 | G66: Pieza individual | H66: 1 | I66: Carro Bandejas 1 | J66: Nivel 2 | L66: caf679ec-686c-403e-9c26-a2b9af16e300 | M66: 45429 | N66: =+VLOOKUP(B66,BOM!$A$8:$AB$1078,27,0) -> 1 | O66: =+VLOOKUP(B66,BOM!$A$8:$AB$1078,28,0) -> 0 | P66: =+IF(N66=D66,"ok","") -> ok
A67: 65 | B67: 23B201260E | C67: SUPORTE DO TANQUE DE COMBUSTIVEL | D67: 2 | E67: 0-1 | F67: BX2 | G67: Pieza individual | H67: 2 | I67: Carro Bandejas 1 | J67: Nivel 3 | L67: d444a152-87fa-48eb-8c5d-94742c17d144 | M67: 45429 | N67: =+VLOOKUP(B67,BOM!$A$8:$AB$1078,27,0) -> 2 | O67: =+VLOOKUP(B67,BOM!$A$8:$AB$1078,28,0) -> 0 | P67: =+IF(N67=D67,"ok","") -> ok
A68: 66 | B68: 23B601203 | C68: SUPORTE ESTEPE 8/10TON DE USO AUTOMOTIVO | D68: 1 | E68: 0-1 | F68: BX2 | G68: Pieza individual | H68: 1 | I68: Carro Bandejas 1 | J68: Nivel 3 | L68: 16fb5887-b727-4c64-8f9a-f1298985fc95 | M68: 45429 | N68: =+VLOOKUP(B68,BOM!$A$8:$AB$1078,27,0) -> 1 | O68: =+VLOOKUP(B68,BOM!$A$8:$AB$1078,28,0) -> 0 | P68: =+IF(N68=D68,"ok","") -> ok
... A80: 78 | B80: 23B899513 | C80: BARRA DE TORCAO SUSPENSAO CABINE | D80: 1 | E80: 4 | F80: BX2 | G80: Pieza individual | H80: 1 | I80: Carro Bandejas 4 | J80: Nivel 4 | L80: 6c890c16-ebc3-48ad-9a29-c4bd5d11f658 | M80: 45702 | N80: =+VLOOKUP(B80,BOM!$A$8:$AB$1078,27,0) -> 1 | O80: =+VLOOKUP(B80,BOM!$A$8:$AB$1078,28,0) -> 4 | P80: =+IF(N80=D80,"ok","") -> ok
A81: 79 | B81: 23B899514 | C81: BARRA DE TORCAO SUSPENSAO CABINE | D81: 1 | E81: 4 | F81: BX2 | G81: Pieza individual | H81: 1 | I81: Carro Bandejas 4 | J81: Nivel 4 | L81: cd131305-4365-415d-95a4-03f18774f34d
A82: 80 | B82: 23B201392D | C82: CINTA TENSORA FIX TANQUE COMBUSTIVEL | D82: 2 | E82: 5 | F82: BX2 | G82: Pieza individual | H82: 2 | I82: Carro Bandejas 5 | K82: Cambio de medio | L82: d4b5c50a-63e0-4d7d-a878-7df0f1fd186c | M82: 45429 | N82: =+VLOOKUP(B82,BOM!$A$8:$AB$1078,27,0) -> 2 | O82: =+VLOOKUP(B82,BOM!$A$8:$AB$1078,28,0) -> 6 | P82: =+IF(N82=D82,"ok","") -> ok
A83: 81 | B83: 23C971530A | C83: BRACKET | D83: 1 | E83: 5 | F83: BX2 | G83: Pieza individual | H83: 1 | I83: Carro Bandejas 5 | L83: 56fb4a94-8c7d-4bf1-a19c-9b0eceef9566 | M83: 45429 | N83: =+VLOOKUP(B83,BOM!$A$8:$AB$1078,27,0) -> 1 | O83: =+VLOOKUP(B83,BOM!$A$8:$AB$1078,28,0) -> 5 | P83: =+IF(N83=D83,"ok","") -> ok
A84: 82 | B84: 2S2000101Q | C84: ETIQUETA IDENTIFICACAO | D84: 1 | E84: 6 | F84: BX2 | G84: Pieza individual | H84: 1 | I84: Carro Bandejas 6 | J84: Nivel 3 | L84: f1e0db20-5097-484c-a8e9-b00194784f12 | M84: 45429 | N84: =+VLOOKUP(B84,BOM!$A$8:$AB$1078,27,0) -> 1 | O84: =+VLOOKUP(B84,BOM!$A$8:$AB$1078,28,0) -> 7 | P84: =+IF(N84=D84,"ok","") -> ok
A85: 83 | B85: 23B411057 | C85: BARRA ESTABILIZADORA DA SUSPENSAO DIANTE | D85: 2 | E85: A-B | F85: BX2 | G85: Pieza individual | H85: 2 | I85: Carro E. Delantero | L85: 0b1d008f-441c-4494-a9da-8773f35b8659 | M85: 45429 | N85: =+VLOOKUP(B85,BOM!$A$8:$AB$1078,27,0) -> 2 | O85: =+VLOOKUP(B85,BOM!$A$8:$AB$1078,28,0) -> B | P85: =+IF(N85=D85,"ok","") -> ok
A86: 84 | B86: 23B411101A | C86: MOLA DIANTEIRA PARABOLIC | D86: 1 | E86: A-B | F86: BX2 | G86: Pieza individual | H86: 1 | I86: Carro E. Delantero | K86: 45821 | L86: 98328a6b-1840-42fa-be1f-69a891f22141 | M86: 45702 | N86: =+VLOOKUP(B86,BOM!$A$8:$AB$1078,27,0) -> 1 | O86: =+VLOOKUP(B86,BOM!$A$8:$AB$1078,28,0) -> B | P86: =+IF(N86=D86,"ok","") -> ok
A87: 85 | B87: 23B411101C | C87: MOLA DIANTEIRA PARA USO AUTOMOTIVO | D87: 1 | E87: A-B | F87: BX2 | G87: Pieza individual | H87: 1 | I87: Carro E. Delantero | K87: 45821 | L87: f86a2b85-1e91-45f9-aadd-0c99857a52c8 | M87: 45702 | N87: =+VLOOKUP(B87,BOM!$A$8:$AB$1078,27,0) -> 1 | O87: =+VLOOKUP(B87,BOM!$A$8:$AB$1078,28,0) -> B | P87: =+IF(N87=D87,"ok","") -> ok
A88: 86 | B88: 23B411129 | C88: GRAMPO DA MOLA U | D88: 2 | E88: A-B | F88: BX2 | G88: Pieza individual | H88: 2 | I88: Carro E. Delantero | L88: 01f9239f-5eb2-46bf-9f73-b3268ed9603a | M88: 45429 | N88: =+VLOOKUP(B88,BOM!$A$8:$AB$1078,27,0) -> 2 | O88: =+VLOOKUP(B88,BOM!$A$8:$AB$1078,28,0) -> B | P88: 1
A89: 87 | B89: 23B411129B | C89: GRAMPO MOLA DIANTEIRA PARA USO AUTOMOTI | D89: 2 | E89: A-B | F89: BX2 | G89: Pieza individual | H89: 2 | I89: Carro E. Delantero | L89: 8fd4cf09-0a47-45ea-89c1-fc300ea0a0c1 | M89: 45702 | N89: =+VLOOKUP(B89,BOM!$A$8:$AB$1078,27,0) -> 2 | O89: =+VLOOKUP(B89,BOM!$A$8:$AB$1078,28,0) -> B | P89: 1
A90: 88 | B90: 23B411207 | C90: SUPORTE GRAMPO DA MOLA USO AUTOMOTIVO | D90: 2 | E90: A-B | F90: BX2 | G90: Pieza individual | H90: 2 | I90: Carro E. Delantero | L90: 80033a8e-d02b-4a11-903b-68476027c6cb | M90: 45429 | N90: =+VLOOKUP(B90,BOM!$A$8:$AB$1078,27,0) -> 2 | O90: =+VLOOKUP(B90,BOM!$A$8:$AB$1078,28,0) -> B | P90: 1
A91: 89 | B91: 23B411239 | C91: CASQUILHO MANCAL STABILIZER | D91: 4 | E91: A-B | F91: BX2 | G91: Pieza individual | H91: 4 | I91: Carro E. Delantero | K91: 06-06 Cambio de uso 2x4 | L91: 62fdbe17-6646-49f0-8195-4c4457bf411e | M91: 45429 | N91: =+VLOOKUP(B91,BOM!$A$8:$AB$1078,27,0) -> 4 | O91: =+VLOOKUP(B91,BOM!$A$8:$AB$1078,28,0) -> 2xA+ 2xB | P91: =+IF(N91=D91,"ok","") -> ok
A92: 90 | B92: 23B411309 | C92: ESTABILIZADOR FRONT INDEP.SUSPEN | D92: 1 | E92: A-B | F92: BX2 | G92: Pieza individual | H92: 1 | I92: Carro E. Delantero | L92: 946770d6-b936-4f87-8b1f-dd601b4ab09d | M92: 45429 | N92: =+VLOOKUP(B92,BOM!$A$8:$AB$1078,27,0) -> 1 | O92: =+VLOOKUP(B92,BOM!$A$8:$AB$1078,28,0) -> B | P92: =+IF(N92=D92,"ok","") -> ok
A93: 91 | B93: 23B411346 | C93: BUCHA STABILIZER BAR | D93: 4 | E93: A-B | F93: BX2 | G93: Pieza individual | H93: 4 | I93: Carro E. Delantero | K93: 06-06 Cambio de uso 2x4 | L93: 525c355b-d074-4edd-99ad-181cfe2607d3
A94: 92 | B94: 23B411379 | C94: SUPORTE DA BARRA ESTABILIZADORA SUSPENSA | D94: 2 | E94: A-B | F94: BX2 | G94: Pieza individual | H94: 2 | I94: Carro E. Delantero | L94: e2da91ae-a3fd-4139-a6ac-81623cb47359
A95: 93 | B95: 23B511151D | C95: FEIXE DE MOLAS TRASEIRO PARA USO AUTOMOT | D95: 2 | E95: A-B | F95: BX2 | G95: Pieza individual | H95: 2 | I95: Carro E. Trasero | L95: 72e98890-dd30-4215-bc4d-260b64baa6f9 | M95: 45429 | N95: =+VLOOKUP(B95,BOM!$A$8:$AB$1078,27,0) -> 2 | O95: =+VLOOKUP(B95,BOM!$A$8:$AB$1078,28,0) -> A | P95: =+IF(N95=D95,"ok","") -> ok
A96: 94 | B96: 23B511253 | C96: TIRANTE APOIO DO ESTABILIZADOR TRASEIRO | D96: 2 | E96: A-B | F96: BX2 | G96: Pieza individual | H96: 2 | I96: Carro E. Trasero | L96: f5e15e0e-e0e7-4e8e-bf24-9b138a5a4168 | M96: 45526 | N96: =+VLOOKUP(B96,BOM!$A$8:$AB$1078,27,0) -> 2 | O96: =+VLOOKUP(B96,BOM!$A$8:$AB$1078,28,0) -> A | P96: =+IF(N96=D96,"ok","") -> ok
A97: 95 | B97: 23B511309A | C97: BARRA ESTABILIZADORA SUSPENSAO TRASEIRA | D97: 1 | E97: A-B | F97: BX2 | G97: Pieza individual | H97: 1 | I97: Carro E. Trasero | L97: c0e8f25e-2cbc-4b8d-821a-f6443c9c7696 | N97: =+VLOOKUP(B97,BOM!$A$8:$AB$1078,27,0) -> 1 | O97: =+VLOOKUP(B97,BOM!$A$8:$AB$1078,28,0) -> A | P97: =+IF(N97=D97,"ok","") -> ok
A98: 96 | B98: 23B511415A | C98: BUCHA DE RETENCAO DE ACO DA SUSPENSAO | D98: 2 | E98: A-B | F98: BX2 | G98: Pieza individual | H98: 2 | I98: Carro E. Trasero | L98: 6c28f14f-9c31-4d03-9fb6-75d1dee9a07a | M98: 45429 | N98: =+VLOOKUP(B98,BOM!$A$8:$AB$1078,27,0) -> 2 | O98: =+VLOOKUP(B98,BOM!$A$8:$AB$1078,28,0) -> A | P98: =+IF(N98=D98,"ok","") -> ok
A99: 97 | B99: 23B511462 | C99: PLACA DO GRAMPO DA MOLA | D99: 1 | E99: A-B | F99: BX2 | G99: Pieza individual | H99: 1 | I99: Carro E. Trasero | L99: c148bec2-8487-4a33-aff0-f07b15ce0a51 | M99: 45429 | N99: =+VLOOKUP(B99,BOM!$A$8:$AB$1078,27,0) -> 1 | O99: =+VLOOKUP(B99,BOM!$A$8:$AB$1078,28,0) -> A | P99: =+IF(N99=D99,"ok","") -> ok
A100: 98 | B100: 23B511463 | C100: PLACA DO GRAMPO DA MOLA | D100: 1 | E100: A-B | F100: BX2 | G100: Pieza individual | H100: 1 | I100: Carro E. Trasero | L100: d9c9cae8-07c4-4236-afe1-0b50e0ff8ecd | M100: 45429 | N100: =+VLOOKUP(B100,BOM!$A$8:$AB$1078,27,0) -> 1 | O100: =+VLOOKUP(B100,BOM!$A$8:$AB$1078,28,0) -> A | P100: =+IF(N100=D100,"ok","") -> ok
A101: 99 | B101: 23B599173 | C101: GRAMPO DE MOLA U | D101: 4 | E101: A-B | F101: BX2 | G101: Pieza individual | H101: 4 | I101: Carro E. Trasero | L101: 6ec661ab-1260-4c8f-b45d-1164e7bba744 | M101: 45429 | N101: =+VLOOKUP(B101,BOM!$A$8:$AB$1078,27,0) -> 4 | O101: =+VLOOKUP(B101,BOM!$A$8:$AB$1078,28,0) -> A | P101: 1
A102: 100 | B102: 23B599175 | C102: PLACA DO GRAMPO DA MOLA | D102: 2 | E102: A-B | F102: BX2 | G102: Pieza individual | H102: 2 | I102: Carro E. Trasero | L102: 214ccbd7-089c-467f-ac77-a937473a357b | M102: 45429 | N102: =+VLOOKUP(B102,BOM!$A$8:$AB$1078,27,0) -> 2 | O102: =+VLOOKUP(B102,BOM!$A$8:$AB$1078,28,0) -> A | P102: =+IF(N102=D102,"ok","") -> ok
A103: 101 | B103: 23B919183C | C103: SENSOR DO NIVEL DE COMBUSTIVEL PARA USO | D103: 1 | E103: C-D | F103: BX2 | G103: Caja de cartón | H103: 1 | I103: Carro Bandejas 8 | J103: Nivel 3 | L103: bceacc65-f7d2-4b34-b748-3b58a7d08f2a | M103: 45429 | N103: =+VLOOKUP(B103,BOM!$A$8:$AB$1078,27,0) -> 1 | O103: =+VLOOKUP(B103,BOM!$A$8:$AB$1078,28,0) -> D | P103: 1
A104: 102 | B104: 2V1607891B | C104: BRACKET | D104: 1 | E104: C-D | F104: BX2 | G104: Pieza individual | H104: 1 | I104: Carro Bandejas 9 | J104: 2 | K104: CARRO VÁLVULAS | L104: e9d87564-8f52-4883-b425-d617525b656b | M104: 45429 | N104: =+VLOOKUP(B104,BOM!$A$8:$AB$1078,27,0) -> 1 | O104: =+VLOOKUP(B104,BOM!$A$8:$AB$1078,28,0) -> C | P104: =+IF(N104=D104,"ok","") -> ok
A105: 103 | B105: 23B131121N | C105: SUPORTE UNIDADE DE ASPIRACAO USO AUTOM | D105: 1 | E105: C-D | F105: BX2 | G105: Pieza individual | H105: 1 | I105: Carro Bandejas 9 | J105: Nivel 2 | K105: CARRO VÁLVULAS | L105: 3cfaf37d-a788-4e3c-a2b3-cfd54642ddb3 | M105: 45429 | N105: =+VLOOKUP(B105,BOM!$A$8:$AB$1078,27,0) -> 1 | O105: =+VLOOKUP(B105,BOM!$A$8:$AB$1078,28,0) -> C | P105: =+IF(N105=D105,"ok","") -> ok
A106: 104 | B106: 23B899381 | C106: APOIO FIXACAO DA CABINA | D106: 2 | E106: C-D | F106: BX2 | G106: Pieza individual | H106: 2 | I106: Carro Bandejas 9 | J106: Nivel 2 | K106: CARRO VÁLVULAS | L106: 445d91e5-eb8d-444e-9fdf-25ecb2a850a3 | M106: 45429 | N106: =+VLOOKUP(B106,BOM!$A$8:$AB$1078,27,0) -> 2 | O106: =+VLOOKUP(B106,BOM!$A$8:$AB$1078,28,0) -> C | P106: =+IF(N106=D106,"ok","") -> ok
A107: 105 | B107: 23B899517 | C107: SUPORTE PARA AMORTECEDOR SUPERIOR | D107: 2 | E107: C-D | F107: BX2 | G107: Pieza individual | H107: 2 | I107: Carro Bandejas 9 | J107: Nivel 2 | K107: CARRO VÁLVULAS | L107: 11df0960-05fa-40c6-ad26-c59ba0cfc85b | M107: 45429 | N107: =+VLOOKUP(B107,BOM!$A$8:$AB$1078,27,0) -> 2 | O107: =+VLOOKUP(B107,BOM!$A$8:$AB$1078,28,0) -> C | P107: =+IF(N107=D107,"ok","") -> ok
A108: 106 | B108: 23B521101DE | C108: ARVORE TRANSMISSAO CARDAN USO AUTOMOTIVO | D108: 1 | E108: C-D | F108: BX2 | G108: Pieza individual | H108: 1 | I108: Carro premontajes | L108: 6f4893e3-acde-4eef-b6c3-8c61258b3102 | M108: 45429 | N108: =+VLOOKUP(B108,BOM!$A$8:$AB$1078,27,0) -> 1 | O108: =+VLOOKUP(B108,BOM!$A$8:$AB$1078,28,0) -> C | P108: =+IF(N108=D108,"ok","") -> ok
A109: 107 | B109: 23B521101DG | C109: PROPELLER SHAFT | D109: 1 | E109: C-D | F109: BX2 | G109: Pieza individual | H109: 1 | I109: Carro premontajes | L109: 51a799b4-bbd7-4c82-b86c-67e56e16a8b6 | M109: 45429 | N109: =+VLOOKUP(B109,BOM!$A$8:$AB$1078,27,0) -> 1 | O109: =+VLOOKUP(B109,BOM!$A$8:$AB$1078,28,0) -> C | P109: =+IF(N109=D109,"ok","") -> ok
A110: 108 | B110: 2V3010527B | C110: ETIQUETA ADVERTEN. | D110: 1 | E110: C-D | F110: BX2 | G110: KLT 3214 | H110: 8 | I110: Carro Bandejas 8 | J110: 2 | L110: b48056b8-f56d-45ca-9ba9-daec0750b93d | M110: 45429 | N110: =+VLOOKUP(B110,BOM!$A$8:$AB$1078,27,0) -> 1 | O110: =+VLOOKUP(B110,BOM!$A$8:$AB$1078,28,0) -> D | P110: =+IF(N110=D110,"ok","") -> ok
A111: 109 | B111: 23B422195 | C111: COVER | D111: 1 | E111: 5 | F111: BX2 (9.170) BX3(11.180) | G111: Pieza individual | H111: 1 | I111: Carro Bandejas 5 | J111: Nivel 2 | L111: 58e8cb27-9ba1-4112-af13-34c441e9e524 | M111: 45702 | N111: =+VLOOKUP(B111,BOM!$A$8:$AB$1078,27,0) -> 1 | O111: =+VLOOKUP(B111,BOM!$A$8:$AB$1078,28,0) -> 5 | P111: 1
A112: 110 | B112: 23F131113 | C112: METERING UNIT | D112: 1 | E112: 0-1 | F112: BX3 | G112: Pieza individual | H112: 1 | I112: Carro Bandejas 1 | J112: Nivel 1 | L112: fdd391ca-c642-4bac-b386-968977685c64 | M112: 45429 | N112: =+VLOOKUP(B112,BOM!$A$8:$AB$1078,27,0) -> 1 | O112: =+VLOOKUP(B112,BOM!$A$8:$AB$1078,28,0) -> 0 | P112: =+IF(N112=D112,"ok","") -> ok
...

Sheet 17280.24JC5B
A1: Listado maestro de embalajes de componentes | F1: Modelo: | G1: Constellation 17280.24JC5B | J1: Rev | K1: =+BOM!D2 -> 45953
A2: item | B2: Materialnumber | C2: Material short text | D2: Uso por _Puesto | E2: Puesto línea final | F2: EMBALAJE Proveedor | G2: Embalaje línea | H2: Módulo de abastecimiento | I2: Medio de Abastecimiento | J2: Nivel | K2: Observaciones | L2: __PowerAppsId__ | M2: revisión
A3: 1 | B3: 2T2700025AF | C3: KITS MEXICO/AFRICA | D3: 1 | E3: 0-1 | F3: BCH | G3: Pieza individual | H3: 1 | I3: Carro Bandejas 1 | J3: 1 | L3: 286e1d7f-3e55-4403-8433-ed42b28ab914
A4: 2 | B4: 2T2400019AD | C4: EIXO DIANTEIRO PARA USO AUTOMOTIVO | D4: 1 | E4: A-B | F4: BEX1 | G4: Pieza individual | H4: 1 | I4: Cajón de madera | L4: 23e99f0a-73f5-4d17-a5a0-3622411909ed
A5: 3 | B5: 2T2500048D | C5: EIXO TRASEIRO | D5: 1 | E5: A-B | F5: BEX2 | G5: Pieza individual | H5: 1 | I5: Cajón de madera | L5: 39ae60b9-ac77-4d58-8da4-7a2a65f3da9c
A6: 4 | B6: 2T2601011M | C6: RODA E PNEU | D6: 4 | E6: 4 | F6: BRD | G6: Pieza individual | H6: 3 | I6: rack ruedas | L6: 64e4becd-7125-4882-831c-fe27382e5c96
A7: 5 | B7: 2T2601011N | C7: RODA E PNEU | D7: 3 | E7: 4 | F7: BRD | G7: Pieza individual | H7: 4 | I7: rack ruedas | L7: 234d6ddb-5a2f-47dc-aed1-a21f089c9505
A8: 6 | B8: 2R2899505E | C8: CILINDRO HIDRAULIC | D8: 1 | E8: 0-1 | F8: BX1 | G8: Pieza individual | H8: 1 | I8: Carro Bandejas 1 | J8: 1 | L8: c5fcdee1-60e3-4d61-98d7-9b30b42a3e7d | M8: 45533
A9: 7 | B9: 2T2899365A | C9: TUBO | D9: 1 | E9: 0-1 | F9: BX1 | G9: Pieza individual | H9: 1 | I9: Carro Bandejas 1 | J9: 1 | L9: 287baf35-2eb4-480b-8a9a-e22d7fe622f8
A10: 8 | B10: 2V2899365 | C10: TUBO | D10: 1 | E10: 0-1 | F10: BX1 | G10: Pieza individual | H10: 1 | I10: Carro Bandejas 1 | J10: 1 | L10: e522d5a1-0bab-41b5-ac69-a6a0ef780311
A11: 9 | B11: 22B201512B | C11: FILTRO COMBUSTIVEL PARA USO AUTOMOTIVO | D11: 1 | E11: 0-1 | F11: BX1 | G11: Pieza individual | H11: 1 | I11: Carro Bandejas 1 | J11: 1 | L11: 7da6ba97-5bdd-44df-9a97-0090df2fd9ad
A12: 10 | B12: 2T2711881B | C12: SUPORTE | D12: 1 | E12: 5 | F12: BX1 | G12: Pieza individual | H12: 1 | I12: Carro Bandejas 5 | J12: 1 | L12: 08a26621-9305-4234-b49f-155cbfcf9ced
A13: 11 | B13: 2S2422921B | C13: SUPORTE DE TUBO DIR HIDRAULICA USO AUTOM | D13: 1 | E13: 0-1 | F13: BX1 | G13: Pieza individual | H13: 1 | I13: Carro Bandejas 1 | J13: 2 | L13: a2827873-5a66-400d-a173-47d3dd9be192
A14: 12 | B14: 2T2607891AM | C14: SUPORTE | D14: 1 | E14: 0-1 | F14: BX1 | G14: Pieza individual | H14: 1 | I14: Carro Bandejas 1 | J14: 2 | L14: a4b35ed0-6345-49f5-86f5-a8a71bda6d67
A15: 13 | B15: 2T2711881C | C15: SUPORTE | D15: 1 | E15: 0-1 | F15: BX1 | G15: Pieza individual | H15: 1 | I15: Carro Bandejas 1 | J15: 2 | L15: 80b39d97-0f09-48ce-a813-bebe1cffab4b
A16: 14 | B16: 2T2711881D | C16: SUPORTE | D16: 1 | E16: 0-1 | F16: BX1 | G16: Pieza individual | H16: 1 | I16: Carro Bandejas 1 | J16: 2 | L16: 130e6470-5037-40a0-99e7-99e25777807b
A17: 15 | B17: 2T2863584 | C17: SUPORTE ANTI RUIDO | D17: 1 | E17: 0-1 | F17: BX1 | G17: Pieza individual | H17: 1 | I17: Carro Bandejas 1 | J17: 2 | L17: b7aab5b9-6e6f-482a-9d87-7115fcd25a7f
A18: 16 | B18: 2Z0611767 | C18: DISTANCIADOR | D18: 1 | E18: 0-1 | F18: BX1 | G18: Pieza individual | H18: 1 | I18: Carro Bandejas 1 | J18: 2 | L18: 29553bd6-8014-43c3-b032-292154fa439b
A19: 17 | B19: 2S2253319G | C19: SUPORTE SILENCIOSO | D19: 1 | E19: 0-1 | F19: BX1 | G19: Pieza individual | H19: 1 | I19: Carro Bandejas 1 | J19: 2 | L19: bc6d9311-8d35-491a-a593-94eb11b84ada
A20: 18 | B20: 2T2201513M | C20: SUPORTE | D20: 1 | E20: 0-1 | F20: BX1 | G20: Pieza individual | H20: 1 | I20: Carro Bandejas 1 | J20: 2 | L20: f85fd707-2af6-4b05-b1df-9ef4a721f9c9
A21: 19 | B21: 2S2253319E | C21: SUPORTE LATERAL | D21: 1 | E21: 3 | F21: BX1 | G21: Pieza individual | H21: 1 | I21: Carro Bandejas 3 | J21: 2 | L21: bf83fed7-758c-4441-977c-283fec3fba79 | M21: 45533
A22: 20 | B22: TJG511341 | C22: PINO | D22: 2 | E22: 3 | F22: BX1 | G22: Pieza individual | H22: 2 | I22: Carro Bandejas 3 | J22: 2 | L22: f4aaa217-dab5-4ed1-b332-55c803ce8f16
A23: 21 | B23: TNS803683 | C23: SUPORTE BARRA ESTABILIZADORA USO AUTOMO | D23: 1 | E23: 3 | F23: BX1 | G23: Pieza individual | H23: 1 | I23: Carro Bandejas 3 | J23: 2 | L23: 9a3b41ba-5ebe-4d3d-8f56-da35c3f4de5d
A24: 22 | B24: TNS803684 | C24: SUPORTE BARRA ESTABILIZADORA USO AUTOMO | D24: 1 | E24: 3 | F24: BX1 | G24: Pieza individual | H24: 1 | I24: Carro Bandejas 3 | J24: 2 | L24: 26ed056c-b73a-421e-8691-9de8afc523e0
A25: 23 | B25: T15507139 | C25: SUPORTE | D25: 1 | E25: 4 | F25: BX1 | G25: Pieza individual | H25: 1 | I25: Carro Bandejas 4 | J25: 2 | L25: 6a71f79e-1f43-4322-b522-b2b510479721
A26: 24 | B26: 2T2121425 | C26: ALOJAM.RADIADOR | D26: 2 | E26: 5 | F26: BX1 | G26: Pieza individual | H26: 2 | I26: Carro Bandejas 5 | J26: 2 | L26: 5d157eb3-56c2-4671-a92c-2434231b83e9
A27: 25 | B27: 2T2711881E | C27: SUPORTE | D27: 1 | E27: 5 | F27: BX1 | G27: Pieza individual | H27: 1 | I27: Carro Bandejas 5 | J27: 2 | L27: e6ea1a1b-2421-4cdc-baee-03e1717c4f7d
A28: 26 | B28: 2V5607337 | C28: Valvula de control | D28: 1 | E28: C-D | F28: BX1 | G28: Pieza individual | H28: 1 | I28: Carro Bandejas 9 | J28: 2 | L28: 2cc1f46b-4e8b-4576-b728-3782976b66d3
A29: 27 | B29: 2R2941031 | C29: FAROL DO LADO ESQUERDO | D29: 1 | E29: C-D | F29: BX1 | G29: Pieza individual | H29: 1 | I29: Carro Bandejas 8 | J29: 2 | L29: ed903b75-585f-4fd5-a579-068ab56b3e28
A30: 28 | B30: 2R2941032 | C30: FAROL | D30: 1 | E30: C-D | F30: BX1 | G30: Pieza individual | H30: 1 | I30: Carro Bandejas 8 | J30: 2 | L30: cf2af96b-0ae8-465b-af81-084d2fb56073
A31: 29 | B31: 2S2907631 | C31: VALVULA MAGNETICA SOLENOIDE | D31: 1 | E31: C-D | F31: BX1 | G31: Pieza individual | H31: 1 | I31: Carro Bandejas 9 | J31: 2 | K31: Carro válvulas | L31: 97400287-0614-4b58-a8f1-91cb375bbc77
A32: 30 | B32: 2T2607373AK | C32: SECADOR DE AR | D32: 1 | E32: C-D | F32: BX1 | G32: Pieza individual | H32: 1 | I32: Carro Bandejas 9 | J32: 2 | K32: Carro válvulas | L32: df42d227-be5f-4990-a482-acb50eb767f9
A33: 31 | B33: 2T2607891N | C33: SUPORTE | D33: 1 | E33: C-D | F33: BX1 | G33: Pieza individual | H33: 1 | I33: Carro Bandejas 9 | J33: 2 | K33: Carro válvulas | L33: 09c54aaf-3ab7-4f4d-ba57-609f93e1338d
A34: 32 | B34: 2VQ607359 | C34: VALVULA 4 VIAS | D34: 1 | E34: C-D | F34: BX1 | G34: Pieza individual | H34: 1 | I34: Carro Bandejas 9 | J34: 2 | K34: Carro válvulas | L34: 30415745-362a-46d7-9da8-8f06443c9a6b
A35: 33 | B35: 23G607359 | C35: VALVULA 4 VIAS | D35: 1 | E35: C-D | F35: BX1 | G35: Pieza individual | H35: 1 | I35: Carro Bandejas 9 | J35: 2 | K35: Carro válvulas | L35: 44ef14aa-82a5-47a4-996d-5ed582102cc4
A36: 34 | B36: 2Z0607262B | C36: VALVULA | D36: 2 | E36: C-D | F36: BX1 | G36: Pieza individual | H36: 2 | I36: Carro Bandejas 9 | J36: 2 | K36: Carro válvulas | L36: 026cfc88-9017-4104-8071-0b6e184c988d
A37: 35 | B37: 2T2422859E | C37: TUBO DE RETORNO | D37: 1 | E37: 0-1 | F37: BX1 | G37: Pieza individual | H37: 1 | I37: Carro Bandejas 1 | J37: 3 | L37: ba030a5a-901f-46f5-89ba-93796829d6ae
A38: 36 | B38: 2TA145171 | C38: RESERVATORIO OLEO | D38: 1 | E38: 5 | F38: BX1 | G38: Pieza individual | H38: 1 | I38: Carro Bandejas 5 | J38: 3 | L38: 5243668f-b81e-453b-98d7-a9463a699be9
A39: 37 | B39: 2R2949101A | C39: LUZ INDIC DIRECAO | D39: 1 | E39: 6 | F39: BX1 | G39: Pieza individual | H39: 1 | I39: Carro Bandejas 6 | J39: 3 | L39: 0559074a-0c1b-44aa-b0bf-dd598d0dd97d
A40: 38 | B40: 2R2949102A | C40: LUZ INDIC DIRECAO | D40: 1 | E40: 6 | F40: BX1 | G40: Pieza individual | H40: 1 | I40: Carro Bandejas 6 | J40: 3 | L40: 83a52b3b-b941-4621-9e1b-c00bf3245b66
A41: 39 | B41: 2T2607363M | C41: SUPORTE | D41: 1 | E41: C-D | F41: BX1 | G41: Pieza individual | H41: 1 | I41: Carro Bandejas 9 | J41: 3 | K41: Carro válvulas | L41: 9a67570f-582f-4980-be27-87ea39c3391d
A42: 40 | B42: 2T2422897J | C42: TUBO DE PRESSAO | D42: 1 | E42: 0-1 | F42: BX1 | G42: Pieza individual | H42: 1 | I42: Carro Bandejas 1 | J42: 4 | L42: c6795e2b-a177-4f20-b678-4df3e33647a8
A43: 41 | B43: 2T2121283E | C43: DUTO DE AR | D43: 2 | E43: 3 | F43: BX1 | G43: Pieza individual | H43: 2 | I43: Carro Bandejas 3 | J43: 4 | L43: a84b1117-6fb1-47cc-b01c-088d26a68e95
A44: 42 | B44: 2U2915516 | C44: SUPORTE | D44: 1 | E44: 0-1 | F44: BX1 | G44: Pieza individual | H44: 1 | I44: Carro Bandejas 1 | L44: e4c884c6-6cd4-45dc-8db3-e2fd4803c805
A45: 43 | B45: 2T2121071G | C45: TUBO DE ABASTECIMENTO DE AGUA P USO AUTO | D45: 1 | E45: 0-1 | F45: BX1 | G45: Pieza individual | H45: 1 | I45: Carro Bandejas 1 | L45: 259e1e2f-de90-4927-8992-b7248723f546
A46: 44 | B46: 2S0803431 | C46: SUPORTE ESTEPE | D46: 1 | E46: 0-1 | F46: BX1 | G46: Pieza individual | H46: 1 | I46: Carro tarimas 1 | L46: bb7c0e6f-dc15-41ff-9038-6e8b91e2973e
A47: 45 | B47: 2S2899361A | C47: COXIM SUSTENTACAO | D47: 1 | E47: 0-1 | F47: BX1 | G47: Pieza individual | H47: 1 | I47: Carro tarimas 2 | L47: eab35615-3dae-405b-8d4f-5f0243fd16b7
A48: 46 | B48: 2S2899362A | C48: COXIM SUSTENTACAO | D48: 1 | E48: 0-1 | F48: BX1 | G48: Pieza individual | H48: 1 | I48: Carro tarimas 2 | L48: 6b1b5798-0080-4530-a41a-c9c3670dfd14
A49: 47 | B49: 2T2971015JF | C49: HARNESS | D49: 1 | E49: 2 | F49: BX1 | G49: Pieza individual | H49: 0 | I49: Carro Bandejas 2 | L49: 456be763-af04-4303-960b-05a6ff0fc841
A50: 48 | B50: 2T2971169FF | C50: CHICOTE LANTERNATRASEIRA | D50: 1 | E50: 2 | F50: BX1 | G50: Pieza individual | H50: 1 | I50: Carro Bandejas 2 | L50: 392c73d7-a722-4534-a9c1-59d22dbb63ca
A51: 49 | B51: 2T2201173BE | C51: TUBO RETORNO COMBUSTIVEL USO AUTOMOTIVO | D51: 1 | E51: 2 | F51: BX1 | G51: Pieza individual | H51: 1 | I51: Carro Bandejas 2 | L51: 80dde19a-ed44-48fa-979e-6a619b5f9092
A52: 50 | B52: 2T2201351BH | C52: TUBO ALIMENTACAO COMBUSTIVEL USO AUTOMOT | D52: 1 | E52: 2 | F52: BX1 | G52: Pieza individual | H52: 1 | I52: Carro Bandejas 2 | L52: 7c55e9ac-d743-44a7-b7bf-daf9e09f3da0
A53: 51 | B53: 2T2201353AC | C53: TUBO ALIMENTACAO COMBUSTIVEL USO AUTOMOT | D53: 1 | E53: 2 | F53: BX1 | G53: Pieza individual | H53: 1 | I53: Carro Bandejas 2 | L53: 0ee9f9e3-e50d-4c91-82b4-d3e32a3fafd2
A54: 52 | B54: 2T2698705P | C54: TUBO DE FREIO | D54: 1 | E54: 2 | F54: BX1 | G54: Pieza individual | H54: 1 | I54: Carro Bandejas 2 | L54: 572056e8-f3c0-4a9d-ad65-285a8f0c140d
A55: 53 | B55: 2T2721482Q | C55: TUBO SISTEMA EMBREAGEM USO AUTOMOTIVO | D55: 1 | E55: 2 | F55: BX1 | G55: Pieza individual | H55: 1 | I55: Carro Bandejas 2 | L55: 810fc4f3-9f0e-4cda-8324-9783ee12299f
... A59: 57 | B59: TJG411185 | C59: PLACA DO GRAMPO DA | D59: 2 | E59: A-B | F59: BX1 | G59: Pieza individual | H59: 2 | I59: Carro E. Delanteros | L59: b303b0fe-3d72-448f-944f-3eee2816a9f3
A60: 58 | B60: 2T0803778A | C60: CANTONEIRA | D60: 1 | E60: C-D | F60: BX1 | G60: Pieza individual | H60: 1 | I60: Carro Bandejas 9 | K60: Carro válvulas | L60: 5ab377cc-f25f-46f1-86f9-d809c3c0bfcb
A61: 59 | B61: 2V5607329C | C61: VALVULA | D61: 1 | E61: C-D | F61: BX1 | G61: Pieza individual | H61: 1 | I61: Carro Bandejas 9 | K61: carro válvulas | L61: 8b21fcdb-4b10-44e7-8561-ac7e2ee6de09
A62: 60 | B62: 2V5611555C | C62: VALVULA | D62: 1 | E62: C-D | F62: BX1 | G62: Pieza individual | H62: 1 | I62: Carro Bandejas 9 | K62: carro válvulas | L62: 78f3c1ed-df22-4f65-81f5-9be549e7b134 | M62: 45533
A63: 61 | B63: 2V5611555D | C63: VALVULA | D63: 1 | E63: C-D | F63: BX1 | G63: Pieza individual | H63: 1 | I63: Carro Bandejas 9 | K63: carro válvulas | L63: 15c39701-a91c-4908-9e38-f8f96443bd33 | M63: 45533
A64: 62 | B64: 2T2803413A | C64: REFORCO | D64: 1 | E64: C-D | F64: BX1 | G64: Pieza individual | H64: 1 | I64: Carro premontajes | L64: 63c36156-ed87-44c6-a846-f00fa7ad2a94
A65: 63 | B65: 2T2607251R | C65: RESERVATORIO DE AR PRESSAO PARA USO AUTO | D65: 1 | E65: C-D | F65: BX1 | G65: Pieza individual | H65: 1 | I65: Carro premontajes | L65: ba5a17c9-f26c-44c1-9864-426f48f9b5b7 | M65: 45533
A66: 64 | B66: 2T2607251S | C66: RESERVATORIO DE AR PRESSAO USO AUTOMO | D66: 1 | E66: C-D | F66: BX1 | G66: Pieza individual | H66: 1 | I66: Carro premontajes | L66: 160aa1ac-9ee8-482f-aac9-f08506f9343d
A67: 65 | B67: 2V2907657 | C67: SENSOR DE GIRO | D67: 1 | E67: C-D | F67: BX1 | G67: Pieza individual | H67: 1 | I67: Carro Bandejas 9 | K67: Carro válvulas | L67: d8d25c26-e5a3-4b6d-8a27-309e74270ee6
A68: 66 | B68: 2S2201063B | C68: TAMPA | D68: 1 | E68: C-D | F68: BX1 | G68: Pieza individual | H68: 1 | I68: Carro Bandejas 8 | L68: f9fa9b68-2b95-412f-8fda-07e02c91929d
A69: 67 | B69: 2T2971057AC | C69: CHICOTE COMP MOTOR | D69: 1 | E69: 2 | F69: BX1 | G69: Pieza individual | H69: 1 | I69: Carro Bandejas 2 | L69: dacecc3a-1d54-4191-9feb-317a50f302df
A70: 68 | B70: 23H899501 | C70: BOMBA HIDRAULICA | D70: 1 | E70: 0-1 | F70: BX2 | G70: Pieza individual | H70: 1 | I70: Carro Bandejas 1 | J70: 1 | L70: a86bd573-42e1-4470-b0f1-d72535212132
A71: 69 | B71: 2S2129141A | C71: SUPORTE | D71: 1 | E71: 0-1 | F71: BX2 | G71: Pieza individual | H71: 1 | I71: Carro Bandejas 1 | J71: 1 | L71: 4b03139b-2de5-47a7-8a9f-17a94166f309
A72: 70 | B72: 2T2121313L | C72: SUPORTE | D72: 1 | E72: 5 | F72: BX2 | G72: Pieza individual | H72: 1 | I72: Carro Bandejas 5 | J72: 1 | L72: 45a2c752-401e-4935-a71d-7c8840878ec0
A73: 71 | B73: 2S2000101Q | C73: ETIQUETA IDENTIFICACAO | D73: 1 | E73: 6 | F73: BX2 | G73: Pieza individual | H73: 1 | I73: Carro Bandejas 6 | J73: 1 | L73: 9f7f9a76-b704-4db6-892b-db0bfb08017a
A74: 72 | B74: 2S2907333 | C74: SUPORTE | D74: 1 | E74: 0-1 | F74: BX2 | G74: Pieza individual | H74: 1 | I74: Carro Bandejas 1 | J74: 2 | L74: e97fd0ca-04a5-4fce-9fbe-e315d2cdff27
A75: 73 | B75: 2T2253319AA | C75: SUPORTE | D75: 1 | E75: 0-1 | F75: BX2 | G75: Pieza individual | H75: 1 | I75: Carro Bandejas 1 | J75: 2 | L75: 439040d4-d0d6-4e6b-b75d-6f87bbfb5487
A76: 74 | B76: 2S2803561 | C76: REFORCO | D76: 1 | E76: 0-1 | F76: BX2 | G76: Pieza individual | H76: 1 | I76: Carro Bandejas 1 | J76: 2 | L76: 29dbfab1-b8e3-462b-88a2-11838df54cc7
A77: 75 | B77: 2S2803562 | C77: REFORCO | D77: 1 | E77: 0-1 | F77: BX2 | G77: Pieza individual | H77: 1 | I77: Carro Bandejas 1 | J77: 2 | L77: 448965bb-b8e4-4762-97fc-eb975c174168
A78: 76 | B78: 2R0945403A | C78: SUPORTE | D78: 2 | E78: 0-1 | F78: BX2 | G78: Pieza individual | H78: 2 | I78: Carro Bandejas 1 | J78: 2 | K78: Cambio de P2 a P1 | L78: 67d04c10-f5dd-4c0d-a062-e9e7dc83f0f0
A79: 77 | B79: T16511349 | C79: PLACA TENSORA | D79: 2 | E79: 3 | F79: BX2 | G79: Pieza individual | H79: 2 | I79: Carro Bandejas 3 | J79: 2 | L79: 35e03844-e434-4f84-ac20-c116d3460de8
A80: 78 | B80: TJG511367 | C80: INSERTO | D80: 2 | E80: 3 | F80: BX2 | G80: Pieza individual | H80: 2 | I80: Carro Bandejas 3 | J80: 2 | L80: 71cad07b-f750-424f-a551-a63bebf630bd
A81: 79 | B81: 2T2129973AM | C81: MANGUEIRA CONF. | D81: 1 | E81: 5 | F81: BX2 | G81: Pieza individual | H81: 1 | I81: Carro Bandejas 5 | J81: 2 | L81: 0ac21263-72f7-49af-b243-fb2fd893aaec
A82: 80 | B82: TJG411167A | C82: SUPORTE APOIO MOLA | D82: 2 | E82: A-B | F82: BX2 | G82: Pieza individual | H82: 2 | I82: Carro E. Delanteros | J82: 2 | L82: 263d9639-20cb-4c24-a00c-b3bc0cc69365
A83: 81 | B83: 2RL201385 | C83: GUARNICAO | D83: 4 | E83: C-D | F83: BX2 | G83: Pieza individual | H83: 2 | I83: Carro Bandejas 8 | J83: 2 | L83: 161dd406-f3b1-45ab-9c99-92f87b354fd3
A84: 82 | B84: 2S2919183 | C84: SENSOR DE NIVEL COMBUSTIVEL P USO AUTOM. | D84: 1 | E84: C-D | F84: BX2 | G84: Pieza individual | H84: 1 | I84: Carro Bandejas 8 | J84: 2 | L84: f328b85a-7b02-4d2b-9d43-fd00172ed455
A85: 83 | B85: 2V2607891M | C85: SUPORTE | D85: 1 | E85: 0-1 | F85: BX2 | G85: Pieza individual | H85: 1 | I85: Carro Bandejas 1 | J85: 3 | L85: e6e1077c-90b1-4410-b675-3cad6e0d912c
A86: 84 | B86: 2T2121313M | C86: SUPORTE | D86: 1 | E86: 0-1 | F86: BX2 | G86: Pieza individual | H86: 1 | I86: Carro Bandejas 1 | J86: 3 | L86: 5e5c68f4-fd81-4c5f-a117-8dd7038d8091
A87: 85 | B87: 2T2253173AJ | C87: TUBO INTERMEDIARIO | D87: 1 | E87: 3 | F87: BX2 | G87: Pieza individual | H87: 1 | I87: Carro Bandejas 3 | J87: 3 | L87: deaa2242-0513-4861-8efd-7d2132636fe5 | M87: 45533
A88: 86 | B88: TNS511441 | C88: TIRANTE BRACO SUPORTE BARRA ESTABILIZADO | D88: 2 | E88: 3 | F88: BX2 | G88: Pieza individual | H88: 2 | I88: Carro Bandejas 3 | J88: 3 | L88: 75c26c07-e0ed-4d4b-a335-fea25fec8f12
A89: 87 | B89: 23H121333 | C89: CONDUTOR DE AR | D89: 1 | E89: 5 | F89: BX2 | G89: Pieza individual | H89: 1 | I89: Carro Bandejas 5 | J89: 3 | K89: cambio de P3 a P5 | L89: cc2ca996-7ebe-4255-a596-4517cfef0c11
A90: 88 | B90: 2R0951209B | C90: BUZINA COM SUPORTE PARA USO AUTOMOTIVO | D90: 1 | E90: 6 | F90: BX2 | G90: Pieza individual | H90: 1 | I90: Carro Bandejas 6 | J90: 3 | L90: 11188bb2-0148-479c-949f-f4aff3830eb3
A91: 89 | B91: 2T2121373A | C91: PROTETOR | D91: 1 | E91: C-D | F91: BX2 | G91: Pieza individual | H91: 1 | I91: Carro Bandejas 8 | J91: 3 | L91: 05430b58-07a3-43e3-9ecb-56c06876dee3
A92: 90 | B92: 2V2607891C | C92: SUPORTE | D92: 3 | E92: 0-1 | F92: BX2 | G92: Pieza individual | H92: 3 | I92: Carro Bandejas 1 | J92: 4 | L92: 4cebdf9b-409c-4fef-bc6f-127c9dd82c3b
A93: 91 | B93: 2T2121228 | C93: VEDACAO | D93: 1 | E93: 5 | F93: BX2 | G93: Pieza individual | H93: 1 | I93: Carro Bandejas 5 | J93: 4 | K93: Cambio de puesto P3 a P5 | L93: 79ebb81a-b61b-4f7a-9b94-5bd4f056c745
A94: 92 | B94: 2R2823359 | C94: AMORTECEDOR A GAS | D94: 2 | E94: 6 | F94: BX2 | G94: Pieza individual | H94: 2 | I94: Carro Bandejas 6 | J94: 4 | L94: 928bac27-3fd3-4b6b-b555-eb9ee39317c1
A95: 93 | B95: 2T2145418 | C95: TUBO SUCCAO | D95: 1 | E95: 0-1 | F95: BX2 | G95: Pieza individual | H95: 1 | I95: Carro Bandejas 1 | L95: 544f0c19-d531-46bd-9792-2b58a393f962
A96: 94 | B96: 2T2422053F | C96: MECANISMO DIRECAO HIDRAULICA | D96: 1 | E96: 0-1 | F96: BX2 | G96: Pieza individual | H96: 1 | I96: Carro tarimas 1 | L96: 6d1b1647-6fba-421c-92e6-21e0afbfceb1
A97: 95 | B97: 2T2821151H | C97: SUPORTE DO PARA | D97: 1 | E97: 0-1 | F97: BX2 | G97: Pieza individual | H97: 1 | I97: Carro tarimas 1 | L97: f980adff-8ff4-4b30-aa64-590ea37f42fe
A98: 96 | B98: 2T2821152H | C98: SUPTE PARA | D98: 1 | E98: 0-1 | F98: BX2 | G98: Pieza individual | H98: 1 | I98: Carro tarimas 1 | L98: c4fe9f61-9916-44fa-99fd-fea7b5e79526
A99: 97 | B99: 2T2201260A | C99: SUPORTE | D99: 4 | E99: 0-1 | F99: BX2 | G99: Pieza individual | H99: 4 | I99: Carro tarimas 2 | L99: 82efee35-ac57-4c03-8336-553a08ec7518
A100: 98 | B100: 2T0413031B | C100: AMORTECEDOR | D100: 2 | E100: 3 | F100: BX2 | G100: Pieza individual | H100: 2 | I100: Carro Bandejas 3 | L100: 74a691c8-abd9-4255-ab41-25fc43dcd6f2
A101: 99 | B101: T16511347 | C101: PLACA TENSORA | D101: 2 | E101: 3 | F101: BX2 | G101: Pieza individual | H101: 2 | I101: Carro Bandejas 3 | L101: 1e297758-f9e0-4740-8ce0-e03419b6a77f
A102: 100 | B102: TJG513031B | C102: AMORTECEDOR TRAS | D102: 2 | E102: 3 | F102: BX2 | G102: Pieza individual | H102: 2 | I102: Carro Bandejas 3 | L102: ae3d94c3-345f-4a3c-8540-b9fc658a2dac
A103: 101 | B103: 2T2411023D | C103: ESTABILIZADOR SUSPENSAO DIANTEIRA | D103: 1 | E103: A-B | F103: BX2 | G103: Pieza individual | H103: 1 | I103: Carro E. Delanteros | L103: e7cc23d7-8581-48fb-9d43-568c0a853733
...

Sheet 17280.24JD5B
A1: Listado maestro de embalajes de componentes | F1: Modelo: | G1: Constellation 17280.24JD5B | J1: Rev | K1: =+BOM!D2 -> 45953
A2: item | B2: Materialnumber | C2: Material short text | D2: Uso por _Puesto | E2: Puesto línea final | F2: EMBALAJE Proveedor | G2: Embalaje línea | H2: Módulo de abastecimiento | I2: Medio de Abastecimiento | J2: Nivel | K2: Observaciones | L2: __PowerAppsId__ | M2: revisión
A3: 1 | B3: 2T2700025AG | C3: KITS MEXICO/AFRICA | D3: 1 | E3: 0-1 | F3: BCH | G3: Pieza individual | H3: 1 | I3: Carro Bandejas 1 | J3: 1 | L3: f1eba919-77b2-47e8-9392-38253b00f5e6
A4: 2 | B4: 2T2400019AD | C4: EIXO DIANTEIRO PARA USO AUTOMOTIVO | D4: 1 | E4: A-B | F4: BEX1 | G4: Pieza individual | H4: 1 | I4: Cajón de madera | L4: db289179-70ea-4573-a370-59369aa78bae
A5: 3 | B5: 2T2500048E | C5: EIXO TRASEIRO | D5: 1 | E5: A-B | F5: BEX2 | G5: Pieza individual | H5: 1 | I5: Cajón de madera | L5: fff6af5c-89d4-490b-baec-a5fee33606d2
A6: 4 | B6: 2T2601011P | C6: RODA E PNEU | D6: 4 | E6: 3 | F6: BRD | G6: Pieza individual | H6: 3 | I6: rack ruedas | L6: 25718032-2eb8-49ec-964c-6c32ad86499a
A7: 5 | B7: 2T2601011Q | C7: RODA E PNEU | D7: 3 | E7: 3 | F7: BRD | G7: Pieza individual | H7: 4 | I7: rack ruedas | L7: 02c72beb-c7f5-42ca-8212-88174a8d9998
A8: 6 | B8: 22B201512B | C8: FILTRO COMBUSTIVEL PARA USO AUTOMOTIVO | D8: 1 | E8: 0-1 | F8: BX1 | G8: Pieza individual | H8: 1 | I8: Carro Bandejas 1 | J8: 1 | L8: 738426d5-7cb8-476c-a119-22a4cd0432a0
A9: 7 | B9: 2R2899505E | C9: CILINDRO HIDRAULIC | D9: 1 | E9: 0-1 | F9: BX1 | G9: Pieza individual | H9: 1 | I9: Carro Bandejas 1 | J9: 1 | L9: 7701574b-0a11-42ab-a80a-609fd8f3749a
A10: 8 | B10: 2T2899365A | C10: TUBO | D10: 1 | E10: 0-1 | F10: BX1 | G10: Pieza individual | H10: 1 | I10: Carro Bandejas 1 | J10: 1 | L10: 8c7087e1-6252-410f-83fe-59883865bb38
A11: 9 | B11: 2V2899365 | C11: TUBO | D11: 1 | E11: 0-1 | F11: BX1 | G11: Pieza individual | H11: 1 | I11: Carro Bandejas 1 | J11: 1 | L11: a5003ebf-640e-4a95-8ff3-3739b5c2c91e
A12: 10 | B12: 2S2253319G | C12: SUPORTE SILENCIOSO | D12: 1 | E12: 0-1 | F12: BX1 | G12: Pieza individual | H12: 1 | I12: Carro Bandejas 1 | J12: 2 | L12: bcc0f0e4-f09f-437c-a189-3b428ccec2ed
A13: 11 | B13: 2S2422921B | C13: SUPORTE DE TUBO DIR HIDRAULICA USO AUTOM | D13: 1 | E13: 0-1 | F13: BX1 | G13: Pieza individual | H13: 1 | I13: Carro Bandejas 1 | J13: 2 | L13: 95cd365a-c611-4b90-ad5b-6cc75af0070e
A14: 12 | B14: 2T2201513M | C14: SUPORTE | D14: 1 | E14: 0-1 | F14: BX1 | G14: Pieza individual | H14: 1 | I14: Carro Bandejas 1 | J14: 2 | L14: 55a82fae-ab49-4f53-a0cb-69dc87bde8c3
A15: 13 | B15: 2T2607891AM | C15: SUPORTE | D15: 1 | E15: 0-1 | F15: BX1 | G15: Pieza individual | H15: 1 | I15: Carro Bandejas 1 | J15: 2 | L15: f70d560b-292f-44de-a289-2884ceca23b2
A16: 14 | B16: 2T2711881C | C16: SUPORTE | D16: 1 | E16: 0-1 | F16: BX1 | G16: Pieza individual | H16: 1 | I16: Carro Bandejas 1 | J16: 2 | L16: 62187af9-a5ee-4f75-9218-0608f90dfe86
A17: 15 | B17: 2T2711881D | C17: SUPORTE | D17: 1 | E17: 0-1 | F17: BX1 | G17: Pieza individual | H17: 1 | I17: Carro Bandejas 1 | J17: 2 | L17: 3a0cba94-689f-4fae-b69f-2f10ecd07cbe
A18: 16 | B18: 2T2863584 | C18: SUPORTE ANTI RUIDO | D18: 1 | E18: 0-1 | F18: BX1 | G18: Pieza individual | H18: 1 | I18: Carro Bandejas 1 | J18: 2 | L18: 48a13bdc-5c73-47e6-993b-aee6a2ec54e8
A19: 17 | B19: 2Z0611767 | C19: DISTANCIADOR | D19: 1 | E19: 0-1 | F19: BX1 | G19: Pieza individual | H19: 1 | I19: Carro Bandejas 1 | J19: 2 | L19: 9267b152-c8e4-40b0-a0b0-b5390a807e2f
... A21: 19 | B21: 2T2422897J | C21: TUBO DE PRESSAO | D21: 1 | E21: 0-1 | F21: BX1 | G21: Pieza individual | H21: 1 | I21: Carro Bandejas 1 | J21: 4 | L21: 72fec3c0-acb1-4b65-9cf7-58a5ffe7c745
A22: 20 | B22: 2T2121071G | C22: TUBO DE ABASTECIMENTO DE AGUA P USO AUTO | D22: 1 | E22: 0-1 | F22: BX1 | G22: Pieza individual | H22: 1 | I22: Carro Bandejas 1 | L22: be4b184e-c1fa-48fd-8d57-2efdc3f1a5ce
A23: 21 | B23: 2U2915516 | C23: SUPORTE | D23: 1 | E23: 0-1 | F23: BX1 | G23: Pieza individual | H23: 1 | I23: Carro Bandejas 1 | L23: f84389a5-87bf-498a-a8d4-9db94c6bb1d2
A24: 22 | B24: 2S0803431 | C24: SUPORTE ESTEPE | D24: 1 | E24: 0-1 | F24: BX1 | G24: Pieza individual | H24: 1 | I24: Carro tarimas 1 | L24: 53149bf4-0cd6-4aba-8a72-e0ad8db4759f
A25: 23 | B25: 2S2899361A | C25: COXIM SUSTENTACAO | D25: 1 | E25: 0-1 | F25: BX1 | G25: Pieza individual | H25: 1 | I25: Carro tarimas 2 | L25: e112680e-73a5-4404-8f3c-f8dbf564a7ef
A26: 24 | B26: 2S2899362A | C26: COXIM SUSTENTACAO | D26: 1 | E26: 0-1 | F26: BX1 | G26: Pieza individual | H26: 1 | I26: Carro tarimas 2 | L26: fc25fa75-419f-42d0-8251-d902953af6ed
A27: 25 | B27: 2T2971015FT | C27: CHICOTES | D27: 1 | E27: 2 | F27: BX1 | G27: Pieza individual | H27: 1 | I27: Carro Bandejas 2 | L27: 9bfd10c8-658b-4790-8933-60979f490566
A28: 26 | B28: 2T2971169FG | C28: CHICOTE LANTERNATRASEIRA | D28: 1 | E28: 2 | F28: BX1 | G28: Pieza individual | H28: 1 | I28: Carro Bandejas 2 | L28: 1b2ee724-eea2-4a09-a129-1d5fd1699346
A29: 27 | B29: 2T2201173BE | C29: TUBO RETORNO COMBUSTIVEL USO AUTOMOTIVO | D29: 1 | E29: 2 | F29: BX1 | G29: Pieza individual | H29: 1 | I29: Carro Bandejas 2 | L29: d01a08c8-77bf-489e-ad06-c43c8df6434d
A30: 28 | B30: 2T2201351BH | C30: TUBO ALIMENTACAO COMBUSTIVEL USO AUTOMOT | D30: 1 | E30: 2 | F30: BX1 | G30: Pieza individual | H30: 1 | I30: Carro Bandejas 2 | L30: 5ba48d2f-821c-4134-8255-e91497ab6972
A31: 29 | B31: 2T2201353AC | C31: TUBO ALIMENTACAO COMBUSTIVEL USO AUTOMOT | D31: 1 | E31: 2 | F31: BX1 | G31: Pieza individual | H31: 1 | I31: Carro Bandejas 2 | L31: 17050c36-9a1e-423b-b33e-536a666c626b
A32: 30 | B32: 2T2698705Q | C32: TUBO DE FREIO | D32: 1 | E32: 2 | F32: BX1 | G32: Pieza individual | H32: 1 | I32: Carro Bandejas 2 | L32: 99fd9664-a9ac-4bac-a9a6-6fa71b37b3d2
A33: 31 | B33: 2T2721482Q | C33: TUBO SISTEMA EMBREAGEM USO AUTOMOTIVO | D33: 1 | E33: 2 | F33: BX1 | G33: Pieza individual | H33: 1 | I33: Carro Bandejas 2 | L33: 76acf6b6-3dbb-4ef3-9b0a-7b6dbfff08bf
A34: 32 | B34: 2T2899365C | C34: TUBO | D34: 1 | E34: 0-1 | F34: BX1 | G34: Pieza individual | H34: 1 | I34: Carro Bandejas 2 | L34: 55fd4c1d-65e0-4e92-84ee-8f7d826ffc34
A35: 33 | B35: 2S2253319E | C35: SUPORTE LATERAL | D35: 1 | E35: 3 | F35: BX1 | G35: Pieza individual | H35: 1 | I35: Carro Bandejas 3 | J35: 2 | L35: f3b06277-9245-483e-8c5d-ceffa4d241b1
A36: 34 | B36: TJG511341 | C36: PINO | D36: 2 | E36: 3 | F36: BX1 | G36: Pieza individual | H36: 2 | I36: Carro Bandejas 3 | J36: 2 | L36: d8dd6ea3-7449-41d2-b2e2-256f16e5e019
A37: 35 | B37: TNS803683 | C37: SUPORTE BARRA ESTABILIZADORA USO AUTOMO | D37: 1 | E37: 3 | F37: BX1 | G37: Pieza individual | H37: 1 | I37: Carro Bandejas 3 | J37: 2 | L37: cd2bab1e-b1dc-41d2-b4b5-72263a1d47a2
A38: 36 | B38: TNS803684 | C38: SUPORTE BARRA ESTABILIZADORA USO AUTOMO | D38: 1 | E38: 3 | F38: BX1 | G38: Pieza individual | H38: 1 | I38: Carro Bandejas 3 | J38: 2 | L38: a49e0d2c-23fc-4753-9df9-1feb6495a9ce
A39: 37 | B39: 2T2121283E | C39: DUTO DE AR | D39: 2 | E39: 3 | F39: BX1 | G39: Pieza individual | H39: 2 | I39: Carro Bandejas 3 | J39: 4 | L39: e0083eec-0b24-4ed0-8376-a0982201d099
A40: 38 | B40: T15507139 | C40: SUPORTE | D40: 1 | E40: 4 | F40: BX1 | G40: Pieza individual | H40: 1 | I40: Carro Bandejas 4 | J40: 2 | L40: 6d32a1be-a3f8-4e7f-ba9c-9df210f3c366
A41: 39 | B41: 2T2607099 | C41: DEFLETOR DE CALOR | D41: 1 | E41: 4 | F41: BX1 | G41: Pieza individual | H41: 1 | I41: Carro Bandejas 4 | L41: 5432f446-47b0-4945-af97-f4bb74f60362
A42: 40 | B42: 2T2607312CH | C42: TUBO SECUNDARIO FREIO DE USO AUTOMOTIVO | D42: 1 | E42: 4 | F42: BX1 | G42: Pieza individual | H42: 1 | I42: Carro Bandejas 4 | L42: c7e916a5-fbaf-43b3-8daf-c17e3ea9056b
A43: 41 | B43: 2T2711881B | C43: SUPORTE | D43: 1 | E43: 5 | F43: BX1 | G43: Pieza individual | H43: 1 | I43: Carro Bandejas 5 | J43: 1 | L43: 25ed6169-1c57-4374-b25d-266637a78f5a
A44: 42 | B44: 2T2121425 | C44: ALOJAM.RADIADOR | D44: 2 | E44: 5 | F44: BX1 | G44: Pieza individual | H44: 2 | I44: Carro Bandejas 5 | J44: 2 | L44: 9a33bec6-eaa2-4097-b9dd-3c353ad28f40
A45: 43 | B45: 2T2711881E | C45: SUPORTE | D45: 1 | E45: 5 | F45: BX1 | G45: Pieza individual | H45: 1 | I45: Carro Bandejas 5 | J45: 2 | L45: 7d31cf33-fdd5-4cf0-a174-d0c0c4fcbffb
A46: 44 | B46: 2TA145171 | C46: RESERVATORIO OLEO | D46: 1 | E46: 5 | F46: BX1 | G46: Pieza individual | H46: 1 | I46: Carro Bandejas 5 | J46: 3 | L46: d708bc5a-8552-4110-b6d2-1451edac7e0a
A47: 45 | B47: 2R2949101A | C47: LUZ INDIC DIRECAO | D47: 1 | E47: 6 | F47: BX1 | G47: Pieza individual | H47: 1 | I47: Carro Bandejas 6 | J47: 3 | L47: b0049b16-ae88-49b9-9d88-cc1744cee686
A48: 46 | B48: 2R2949102A | C48: LUZ INDIC DIRECAO | D48: 1 | E48: 6 | F48: BX1 | G48: Pieza individual | H48: 1 | I48: Carro Bandejas 6 | J48: 3 | L48: 325de3de-c19e-4a7e-a483-dd6468c08777
A49: 47 | B49: TJG411185 | C49: PLACA DO GRAMPO DA | D49: 2 | E49: A-B | F49: BX1 | G49: Pieza individual | H49: 2 | I49: Carro E. Delantero | L49: 258e692e-e12e-4642-a0b8-4f1d7b919f34
A50: 48 | B50: 2V5607337 | C50: Valvula de control | D50: 1 | E50: C-D | F50: BX1 | G50: Pieza individual | H50: 1 | I50: Carro Bandejas 9 | J50: 2 | L50: 7400ca3f-8ba1-4cb0-b9cd-29480ebb4981
A51: 49 | B51: 2R2941031 | C51: FAROL DO LADO ESQUERDO | D51: 1 | E51: C-D | F51: BX1 | G51: Pieza individual | H51: 1 | I51: Carro Bandejas 8 | J51: 2 | L51: c94f68b2-155a-4e3b-818a-68826999fefe
A52: 50 | B52: 2R2941032 | C52: FAROL | D52: 1 | E52: C-D | F52: BX1 | G52: Pieza individual | H52: 1 | I52: Carro Bandejas 8 | J52: 2 | L52: ce6efc97-3819-47ca-9857-42207bd7234f
A53: 51 | B53: 2S2907631 | C53: VALVULA MAGNETICA SOLENOIDE | D53: 1 | E53: C-D | F53: BX1 | G53: Pieza individual | H53: 1 | I53: Carro Bandejas 9 | J53: 2 | K53: Carro válvulas | L53: 296f7ac2-a579-4e52-a5cd-49bbcc8a9f3e
A54: 52 | B54: 2T2607373AK | C54: SECADOR DE AR | D54: 1 | E54: C-D | F54: BX1 | G54: Pieza individual | H54: 1 | I54: Carro Bandejas 9 | J54: 2 | K54: Carro válvulas | L54: 42651fef-d322-4d74-b7a7-f4c1cac11cc4
A55: 53 | B55: 2T2607891N | C55: SUPORTE | D55: 1 | E55: C-D | F55: BX1 | G55: Pieza individual | H55: 1 | I55: Carro Bandejas 9 | J55: 2 | K55: Carro válvulas | L55: ead97b04-6df4-4cc2-a948-abff161df338
A56: 54 | B56: 2VQ607359 | C56: VALVULA 4 VIAS | D56: 1 | E56: C-D | F56: BX1 | G56: Pieza individual | H56: 1 | I56: Carro Bandejas 9 | J56: 2 | K56: Carro válvulas | L56: 594dfbea-fe82-42cd-8893-e53d813b56c7
A57: 55 | B57: 23G607359 | C57: VALVULA 4 VIAS | D57: 1 | E57: C-D | F57: BX1 | G57: Pieza individual | H57: 1 | I57: Carro Bandejas 9 | J57: 2 | K57: Carro válvulas | L57: 48412398-e26d-487f-b3e7-611cb1a34da1
A58: 56 | B58: 2Z0607262B | C58: VALVULA | D58: 2 | E58: C-D | F58: BX1 | G58: Pieza individual | H58: 2 | I58: Carro Bandejas 9 | J58: 2 | K58: Carro válvulas | L58: 54052e1c-8e3a-4041-b1d3-0a6d512b7faf
A59: 57 | B59: 2T2607363M | C59: SUPORTE | D59: 1 | E59: C-D | F59: BX1 | G59: Pieza individual | H59: 1 | I59: Carro Bandejas 9 | J59: 3 | K59: Carro válvulas | L59: f4d8849d-6161-460e-ae14-11bc98d2167b
A60: 58 | B60: 2T0803778A | C60: CANTONEIRA | D60: 1 | E60: C-D | F60: BX1 | G60: Pieza individual | H60: 1 | I60: Carro Bandejas 9 | K60: Carro válvulas | L60: 60a0b046-f891-410a-8eb5-6dadd6e6f070
A61: 59 | B61: 2V5607329C | C61: VALVULA | D61: 1 | E61: C-D | F61: BX1 | G61: Pieza individual | H61: 1 | I61: Carro Bandejas 9 | K61: Carro válvulas | L61: 1f4a3b06-c61d-4aa4-8e2a-2458e663e2cf
A62: 60 | B62: 2V5611555C | C62: VALVULA | D62: 1 | E62: C-D | F62: BX1 | G62: Pieza individual | H62: 1 | I62: Carro Bandejas 9 | K62: Carro válvulas | L62: 0796b9be-3c98-4faa-bc6d-6548c4d76290 | M62: 45533
A63: 61 | B63: 2V5611555D | C63: VALVULA | D63: 1 | E63: C-D | F63: BX1 | G63: Pieza individual | H63: 1 | I63: Carro Bandejas 9 | K63: Carro válvulas | L63: 44d95efa-42a0-46f0-b233-2e0e46b590a8
A64: 62 | B64: 2T2607251R | C64: RESERVATORIO DE AR PRESSAO PARA USO AUTO | D64: 1 | E64: C-D | F64: BX1 | G64: Pieza individual | H64: 1 | I64: Carro premontajes | L64: f511d4ac-39db-4915-8873-efcd7c3d623c
A65: 63 | B65: 2T2607251S | C65: RESERVATORIO DE AR PRESSAO USO AUTOMO | D65: 1 | E65: C-D | F65: BX1 | G65: Pieza individual | H65: 1 | I65: Carro premontajes | L65: 3bba6c6a-b9ae-4c1d-9d68-1285f6444f40
A66: 64 | B66: 2T2803413A | C66: REFORCO | D66: 1 | E66: C-D | F66: BX1 | G66: Pieza individual | H66: 1 | I66: Carro premontajes | L66: b473ab57-e718-45f3-a756-6c6972590f64
A67: 65 | B67: 2S2201063B | C67: TAMPA | D67: 1 | E67: C-D | F67: BX1 | G67: Pieza individual | H67: 1 | I67: Carro Bandejas 8 | L67: 47b80e2a-9097-4c20-891a-639260824007
A68: 66 | B68: 2T2971057AC | C68: CHICOTE COMP MOTOR | D68: 1 | E68: 2 | F68: BX1 | G68: Pieza individual | H68: 1 | I68: Carro Bandejas 2 | L68: 06a2b1c2-7011-49bd-8a6a-7d98401f4460
A69: 67 | B69: 2V2907657 | C69: SENSOR DE GIRO | D69: 1 | E69: C-D | F69: BX1 | G69: Pieza individual | H69: 1 | I69: Carro Bandejas 9 | K69: Carro válvulas | L69: 127e07bc-155c-427a-b41f-3583c728ad9f
A70: 68 | B70: 23H899501 | C70: BOMBA HIDRAULICA | D70: 1 | E70: 0-1 | F70: BX2 | G70: Pieza individual | H70: 1 | I70: Carro Bandejas 1 | J70: 1 | L70: ce4ea7d8-9463-4266-9d6b-2b51ce70e659
A71: 69 | B71: 2S2129141A | C71: SUPORTE | D71: 1 | E71: 0-1 | F71: BX2 | G71: Pieza individual | H71: 1 | I71: Carro Bandejas 1 | J71: 1 | L71: 691e1dfd-d031-4a9a-a9ad-ded44ab4bc9b
A72: 70 | B72: 2R0945403A | C72: SUPORTE | D72: 2 | E72: 0-1 | F72: BX2 | G72: Pieza individual | H72: 2 | I72: Carro Bandejas 1 | J72: 2 | K72: Cambio de P2 a P1 | L72: 7d150ab7-a517-4526-87d8-392d18430d41
A73: 71 | B73: 2S2803561 | C73: REFORCO | D73: 1 | E73: 0-1 | F73: BX2 | G73: Pieza individual | H73: 1 | I73: Carro Bandejas 1 | J73: 2 | L73: 57c22eed-6b34-4f67-82de-867b48cb31ab
A74: 72 | B74: 2S2803562 | C74: REFORCO | D74: 1 | E74: 0-1 | F74: BX2 | G74: Pieza individual | H74: 1 | I74: Carro Bandejas 1 | J74: 2 | L74: 026d32a5-306a-4d8d-a897-17d40d91783f
A75: 73 | B75: 2S2907333 | C75: SUPORTE | D75: 1 | E75: 0-1 | F75: BX2 | G75: Pieza individual | H75: 1 | I75: Carro Bandejas 1 | J75: 2 | L75: 6ab87a31-cde1-4043-b12b-eee2bdcb9bdf
A76: 74 | B76: 2T2253319AA | C76: SUPORTE | D76: 1 | E76: 0-1 | F76: BX2 | G76: Pieza individual | H76: 1 | I76: Carro Bandejas 1 | J76: 2 | L76: a58d0547-6eb9-44e7-b9d1-9f25d463643c
A77: 75 | B77: 2T2121313M | C77: SUPORTE | D77: 1 | E77: 0-1 | F77: BX2 | G77: Pieza individual | H77: 1 | I77: Carro Bandejas 1 | J77: 3 | L77: f0b7d879-767a-4a2d-9b00-d97af5e2b6cd
A78: 76 | B78: 2V2607891M | C78: SUPORTE | D78: 1 | E78: 0-1 | F78: BX2 | G78: Pieza individual | H78: 1 | I78: Carro Bandejas 1 | J78: 3 | L78: 8ad1bfb8-5a6f-4a56-bedc-58f6c3bd591f
A79: 77 | B79: 2V2607891C | C79: SUPORTE | D79: 3 | E79: 0-1 | F79: BX2 | G79: Pieza individual | H79: 3 | I79: Carro Bandejas 1 | J79: 4 | L79: afb717c7-b6c5-47d3-81e3-f5fe4fd9ae86
A80: 78 | B80: 2T2145418 | C80: TUBO SUCCAO | D80: 1 | E80: 0-1 | F80: BX2 | G80: Pieza individual | H80: 1 | I80: Carro Bandejas 1 | L80: 1745abc7-6ddd-44c3-a78c-81bbf5bc677f
A81: 79 | B81: 2T2422053F | C81: MECANISMO DIRECAO HIDRAULICA | D81: 1 | E81: 0-1 | F81: BX2 | G81: Pieza individual | H81: 1 | I81: Carro tarimas 1 | L81: 1d57f832-4844-476b-84a4-55a95b2d8706
A82: 80 | B82: 2T2821151H | C82: SUPORTE DO PARA | D82: 1 | E82: 0-1 | F82: BX2 | G82: Pieza individual | H82: 1 | I82: Carro tarimas 1 | L82: a3ba3c80-c18a-40db-ae7b-e3d500cf2b46 | M82: 45533
A83: 81 | B83: 2T2821152H | C83: SUPTE PARA | D83: 1 | E83: 0-1 | F83: BX2 | G83: Pieza individual | H83: 1 | I83: Carro tarimas 1 | L83: f968919e-f51c-4020-ba1d-8e5229ce4e82
A84: 82 | B84: 2T2201260A | C84: SUPORTE | D84: 4 | E84: 0-1 | F84: BX2 | G84: Pieza individual | H84: 4 | I84: Carro tarimas 2 | L84: eef03490-8d4b-4196-a2a5-053200dd511d
A85: 83 | B85: T16511349 | C85: PLACA TENSORA | D85: 2 | E85: 3 | F85: BX2 | G85: Pieza individual | H85: 2 | I85: Carro Bandejas 3 | J85: 2 | L85: 751bf349-23ff-4bb5-95da-6e711672b241
A86: 84 | B86: TJG511367 | C86: INSERTO | D86: 2 | E86: 3 | F86: BX2 | G86: Pieza individual | H86: 2 | I86: Carro Bandejas 3 | J86: 2 | L86: decbac0f-7962-43f6-9510-06817b98fff6
A87: 85 | B87: 2T2253173AJ | C87: TUBO INTERMEDIARIO | D87: 1 | E87: 3 | F87: BX2 | G87: Pieza individual | H87: 1 | I87: Carro Bandejas 3 | J87: 3 | L87: 37972c54-638b-4a30-8503-7b438d9cdd45
A88: 86 | B88: TNS511441 | C88: TIRANTE BRACO SUPORTE BARRA ESTABILIZADO | D88: 2 | E88: 3 | F88: BX2 | G88: Pieza individual | H88: 2 | I88: Carro Bandejas 3 | J88: 3 | L88: 4ff000c6-962c-4272-9d62-876feaca0965
A89: 87 | B89: 2T0413031B | C89: AMORTECEDOR | D89: 2 | E89: 3 | F89: BX2 | G89: Pieza individual | H89: 2 | I89: Carro Bandejas 3 | L89: 67184053-bbe2-43a7-9554-f8fc23cb37ea
A90: 88 | B90: T16511347 | C90: PLACA TENSORA | D90: 2 | E90: 3 | F90: BX2 | G90: Pieza individual | H90: 2 | I90: Carro Bandejas 3 | L90: fc43e8eb-4d2c-4178-a80e-4b1db702efaa
A91: 89 | B91: TJG513031B | C91: AMORTECEDOR TRAS | D91: 2 | E91: 3 | F91: BX2 | G91: Pieza individual | H91: 2 | I91: Carro Bandejas 3 | L91: c5dbacc1-5492-49cc-8d1c-4194c26903dd
A92: 90 | B92: 2T2121313L | C92: SUPORTE | D92: 1 | E92: 5 | F92: BX2 | G92: Pieza individual | H92: 1 | I92: Carro Bandejas 5 | J92: 1 | L92: d98a778f-3e3f-41fc-9b1d-767886aa8010
A93: 91 | B93: 2T2129973AM | C93: MANGUEIRA CONF. | D93: 1 | E93: 5 | F93: BX2 | G93: Pieza individual | H93: 1 | I93: Carro Bandejas 5 | J93: 2 | L93: 060cac44-e4a2-4606-b6ef-737bdc8fca5c | M93: 45533
A94: 92 | B94: 23H121333 | C94: CONDUTOR DE AR | D94: 1 | E94: 5 | F94: BX2 | G94: Pieza individual | H94: 1 | I94: Carro Bandejas 5 | J94: 3 | K94: cambio de P3 a P5 | L94: 583093d5-e946-4c94-b540-c1578be96163
A95: 93 | B95: 2T2121228 | C95: VEDACAO | D95: 1 | E95: 5 | F95: BX2 | G95: Pieza individual | H95: 1 | I95: Carro Bandejas 5 | J95: 4 | K95: Cambio de puesto P3 a P5 | L95: 1ea7945d-3f60-49da-a46c-9b914abf8949
A96: 94 | B96: 2R0951209B | C96: BUZINA COM SUPORTE PARA USO AUTOMOTIVO | D96: 1 | E96: 6 | F96: BX2 | G96: Pieza individual | H96: 1 | I96: Carro Bandejas 6 | J96: 3 | L96: 772c140a-9ee2-47c3-a2de-e54e21e2b2e2
A97: 95 | B97: 2R2823359 | C97: AMORTECEDOR A GAS | D97: 2 | E97: 6 | F97: BX2 | G97: Pieza individual | H97: 2 | I97: Carro Bandejas 6 | J97: 4 | L97: f620f817-9abc-4282-9192-961b8e91c85e
A98: 96 | B98: 2S2000101Q | C98: ETIQUETA IDENTIFICACAO | D98: 1 | E98: 6 | F98: BX2 | G98: Pieza individual | H98: 1 | I98: Carro Bandejas 6 | J98: 1 | L98: 471c2870-7e45-4d48-a828-bdb93fe28d92
A99: 97 | B99: TJG411167A | C99: SUPORTE APOIO MOLA | D99: 2 | E99: A-B | F99: BX2 | G99: Pieza individual | H99: 2 | I99: Carro E. Delantero | J99: 2 | L99: bc432d99-82cb-406c-92b8-6f46d2b4142b
A100: 98 | B100: 2T2411023D | C100: ESTABILIZADOR SUSPENSAO DIANTEIRA | D100: 1 | E100: A-B | F100: BX2 | G100: Pieza individual | H100: 1 | I100: Carro E. Delantero | L100: c0198fdb-30f0-41d2-afa3-ffb93c813309
A101: 99 | B101: 2T2411077 | C101: SUPORTE | D101: 2 | E101: A-B | F101: BX2 | G101: Pieza individual | H101: 2 | I101: Carro E. Delantero | L101: c3d25ffa-d0db-4c52-baf1-d026a7e99e8b
...

Sheet 17280.24LC5B 
A1: Listado maestro de embalajes de componentes | F1: Modelo: | G1: Constellation 17280.24LC5B | J1: Rev | K1: =+BOM!D2 -> 45953
A2: item | B2: Materialnumber | C2: Material short text | D2: Uso por _Puesto | E2: Puesto línea final | F2: EMBALAJE Proveedor | G2: Embalaje línea | H2: Módulo de abastecimiento | I2: Medio de Abastecimiento | J2: Nivel | K2: Observaciones | L2: __PowerAppsId__ | M2: revisión
A3: 1 | B3: 2S2700025B | C3: KITS MEXICO/AFRICA | D3: 1 | E3: 0-1 | F3: BCH | G3: Pieza individual | H3: 1 | I3: Carro Bandejas 1 | J3: 1 | L3: 8e468ff7-e998-4281-adf8-ffd38591b0ba
A4: 2 | B4: 2T2400019AD | C4: EIXO DIANTEIRO PARA USO AUTOMOTIVO | D4: 1 | E4: A-B | F4: BEX1 | G4: Pieza individual | H4: 1 | I4: Cajón de madera | L4: dadc3b2e-4a5f-429e-9822-4c3e1aa8d548
A5: 3 | B5: 2T2500048C | C5: EIXO TRASEIRO | D5: 1 | E5: A-B | F5: BEX2 | G5: Pieza individual | H5: 1 | I5: Cajón de madera | L5: 8c40de52-950e-485e-bb2e-b866a0bb8c75
A6: 4 | B6: 2S2601011B | C6: RODA E PNEU | D6: 3 | E6: 3 | F6: BRD | G6: Pieza individual | H6: 1 | I6: rack ruedas | L6: 7fc780af-83a6-4572-85e3-19396e034072
A7: 5 | B7: 2S2601011C | C7: RODA E PNEU | D7: 4 | E7: 3 | F7: BRD | G7: Pieza individual | H7: 1 | I7: rack ruedas | L7: 5d917803-bbcd-486e-8c2f-4bc684aad6d6
A8: 6 | B8: 22B201512B | C8: FILTRO COMBUSTIVEL PARA USO AUTOMOTIVO | D8: 1 | E8: 0-1 | F8: BX1 | G8: Pieza individual | H8: 1 | I8: Carro Bandejas 1 | J8: 1 | L8: 96ea62c0-e95e-49a7-94a8-4203570d6fe6
A9: 7 | B9: 2R2899505C | C9: CILINDRO HIDRAULICO DA SUSPENSAO DA CABI | D9: 1 | E9: 0-1 | F9: BX1 | G9: Pieza individual | H9: 1 | I9: Carro Bandejas 1 | J9: 1 | L9: c24a6130-2284-401c-9dc3-a19c1e96face
A10: 8 | B10: 2S0803431 | C10: SUPORTE ESTEPE | D10: 1 | E10: 0-1 | F10: BX1 | G10: Pieza individual | H10: 1 | I10: Carro tarimas 1 | L10: 96e414f9-8a33-44dd-ad51-c5abb76ae75a
A11: 9 | B11: 2S2253319G | C11: SUPORTE SILENCIOSO | D11: 1 | E11: 0-1 | F11: BX1 | G11: Pieza individual | H11: 1 | I11: Carro Bandejas 1 | J11: 2 | L11: db4d9376-b50c-4b04-8017-9f9b357548bd
A12: 10 | B12: 2S2422921B | C12: SUPORTE DE TUBO DIR HIDRAULICA USO AUTOM | D12: 1 | E12: 0-1 | F12: BX1 | G12: Pieza individual | H12: 1 | I12: Carro Bandejas 1 | J12: 2 | L12: dd1d8e5b-0eb2-4db9-9d77-7ef71bbe90df | M12: 45533
A13: 11 | B13: 2S2899361A | C13: COXIM SUSTENTACAO | D13: 1 | E13: 0-1 | F13: BX1 | G13: Pieza individual | H13: 1 | I13: Carro tarimas 2 | L13: e5f08bb8-e224-4b9b-b126-86de88376f48
A14: 12 | B14: 2S2899362A | C14: COXIM SUSTENTACAO | D14: 1 | E14: 0-1 | F14: BX1 | G14: Pieza individual | H14: 1 | I14: Carro tarimas 2 | L14: 9dc87b6e-d108-47cd-8f60-d1736f9a6e61
A15: 13 | B15: 2T2121071G | C15: TUBO DE ABASTECIMENTO DE AGUA P USO AUTO | D15: 1 | E15: 0-1 | F15: BX1 | G15: Pieza individual | H15: 1 | I15: Carro Bandejas 1 | L15: e0c1bfb8-d08a-4911-bb16-c9a6864fd2da | M15: 45533
A16: 14 | B16: 2T2201513M | C16: SUPORTE | D16: 1 | E16: 0-1 | F16: BX1 | G16: Pieza individual | H16: 1 | I16: Carro Bandejas 1 | J16: 2 | L16: a77d17ba-c77e-4219-93de-c4fc03734188
A17: 15 | B17: 2T2422859E | C17: TUBO DE RETORNO | D17: 1 | E17: 0-1 | F17: BX1 | G17: Pieza individual | H17: 1 | I17: Carro Bandejas 1 | J17: 3 | L17: 02998a1d-e961-4583-a2cf-49b3ef5b790f
A18: 16 | B18: 2T2422897J | C18: TUBO DE PRESSAO | D18: 1 | E18: 0-1 | F18: BX1 | G18: Pieza individual | H18: 1 | I18: Carro Bandejas 1 | J18: 4 | L18: 6a629ec0-2be8-4db5-ac42-07e5d79b6d65 | M18: 45533
A19: 17 | B19: 2T2607891AM | C19: SUPORTE | D19: 1 | E19: 0-1 | F19: BX1 | G19: Pieza individual | H19: 1 | I19: Carro Bandejas 1 | J19: 2 | L19: e299a415-a17f-4ca9-9fa4-7d64cbd0f7fd
A20: 18 | B20: 2T2711881C | C20: SUPORTE | D20: 1 | E20: 0-1 | F20: BX1 | G20: Pieza individual | H20: 1 | I20: Carro Bandejas 1 | J20: 2 | L20: 734a72ab-150b-48b7-bb94-875021dcd1a8
A21: 19 | B21: 2T2711881D | C21: SUPORTE | D21: 1 | E21: 0-1 | F21: BX1 | G21: Pieza individual | H21: 1 | I21: Carro Bandejas 1 | J21: 2 | L21: b7724f45-2bc3-4fb4-80fb-8c1b70283c1e
A22: 20 | B22: 2T2863584 | C22: SUPORTE ANTI RUIDO | D22: 1 | E22: 0-1 | F22: BX1 | G22: Pieza individual | H22: 1 | I22: Carro Bandejas 1 | J22: 2 | L22: 914d9ffd-dd9d-4c40-91a9-3dc91623e30c
A23: 21 | B23: 2T2899365A | C23: TUBO | D23: 1 | E23: 0-1 | F23: BX1 | G23: Pieza individual | H23: 1 | I23: Carro Bandejas 1 | J23: 1 | L23: 5f61a228-4ab6-4baf-96e5-c20d82d4f218
A24: 22 | B24: 2T2899365B | C24: TUBO | D24: 1 | E24: 0-1 | F24: BX1 | G24: Pieza individual | H24: 1 | I24: Carro Bandejas 1 | J24: 1 | L24: 1423d662-5396-4055-9463-fc489d719957
A25: 23 | B25: 2U2915516 | C25: SUPORTE | D25: 1 | E25: 0-1 | F25: BX1 | G25: Pieza individual | H25: 1 | I25: Carro Bandejas 1 | L25: 994e8be9-3d28-43b3-87e9-679eabb864c0
A26: 24 | B26: 2V2899365 | C26: TUBO | D26: 1 | E26: 0-1 | F26: BX1 | G26: Pieza individual | H26: 1 | I26: Carro Bandejas 1 | J26: 1 | L26: 6459644b-ffe2-4a8e-89e4-febf5220ff9c
A27: 25 | B27: 2Z0611767 | C27: DISTANCIADOR | D27: 1 | E27: 0-1 | F27: BX1 | G27: Pieza individual | H27: 1 | I27: Carro Bandejas 1 | J27: 2 | L27: 911c526a-b51c-4af9-a9cf-823fa6b3e2fe
A28: 26 | B28: 2S2698705D | C28: TUBO DE FREIO | D28: 1 | E28: 2 | F28: BX1 | G28: Pieza individual | H28: 1 | I28: Carro Bandejas 2 | L28: afb0cd43-9142-42ec-a340-40eb4530626c
A29: 27 | B29: 2T2201173BE | C29: TUBO RETORNO COMBUSTIVEL USO AUTOMOTIVO | D29: 1 | E29: 2 | F29: BX1 | G29: Pieza individual | H29: 1 | I29: Carro Bandejas 2 | L29: a4cf3866-dac5-4f67-9e8b-f6a956b5260e
A30: 28 | B30: 2T2201351BH | C30: TUBO ALIMENTACAO COMBUSTIVEL USO AUTOMOT | D30: 1 | E30: 2 | F30: BX1 | G30: Pieza individual | H30: 1 | I30: Carro Bandejas 2 | L30: e6d61970-0c7b-4183-a427-325ed3950949
A31: 29 | B31: 2T2201353AC | C31: TUBO ALIMENTACAO COMBUSTIVEL USO AUTOMOT | D31: 1 | E31: 2 | F31: BX1 | G31: Pieza individual | H31: 1 | I31: Carro Bandejas 2 | L31: 9343df93-f14b-4a32-95f2-6a0debeb9107
A32: 30 | B32: 2T2721482Q | C32: TUBO SISTEMA EMBREAGEM USO AUTOMOTIVO | D32: 1 | E32: 2 | F32: BX1 | G32: Pieza individual | H32: 1 | I32: Carro Bandejas 2 | L32: 5c269535-7510-4ca8-89d8-629910c5263a
A33: 31 | B33: 2T2971015JF | C33: HARNESS | D33: 1 | E33: 2 | F33: BX1 | G33: Pieza individual | H33: 1 | I33: Carro Bandejas 2 | L33: 17076e3b-7da7-4e17-8dc3-2097bd618a8a
A34: 32 | B34: 2T2971057AC | C34: CHICOTE COMP MOTOR | D34: 1 | E34: 2 | F34: BX1 | G34: Pieza individual | H34: 1 | I34: Carro Bandejas 2 | L34: 750ad3b9-e623-4cd8-8ac4-cdb792a2d456
A35: 33 | B35: 2T2971169GH | C35: CHICOTE LANTERNATRASEIRA | D35: 1 | E35: 2 | F35: BX1 | G35: Pieza individual | H35: 1 | I35: Carro Bandejas 2 | L35: a9adbeb0-d8f3-4b68-824c-3e634e093035
A36: 34 | B36: 2S2253319E | C36: SUPORTE LATERAL | D36: 1 | E36: 3 | F36: BX1 | G36: Pieza individual | H36: 1 | I36: Carro Bandejas 3 | J36: 2 | L36: 809c7d01-f99c-4429-a09c-9b223cb48b01
A37: 35 | B37: 2T2121283E | C37: DUTO DE AR | D37: 2 | E37: 3 | F37: BX1 | G37: Pieza individual | H37: 2 | I37: Carro Bandejas 3 | J37: 4 | L37: adf203fb-775c-4d0e-9eb8-a5808b0fa9f7
A38: 36 | B38: TJG511341 | C38: PINO | D38: 2 | E38: 3 | F38: BX1 | G38: Pieza individual | H38: 2 | I38: Carro Bandejas 3 | J38: 2 | L38: aeb1f86d-1188-47c5-bd97-d000a59b0123
A39: 37 | B39: TNS803683 | C39: SUPORTE BARRA ESTABILIZADORA USO AUTOMO | D39: 1 | E39: 3 | F39: BX1 | G39: Pieza individual | H39: 1 | I39: Carro Bandejas 3 | J39: 2 | L39: fbb0da43-2bc3-420d-825e-260bc1687fce
A40: 38 | B40: TNS803684 | C40: SUPORTE BARRA ESTABILIZADORA USO AUTOMO | D40: 1 | E40: 3 | F40: BX1 | G40: Pieza individual | H40: 1 | I40: Carro Bandejas 3 | J40: 2 | L40: 84698fb5-4ce0-4e60-95cf-ca230cae064d
A41: 39 | B41: 2T2607099 | C41: DEFLETOR DE CALOR | D41: 1 | E41: 4 | F41: BX1 | G41: Pieza individual | H41: 1 | I41: Carro Bandejas 4 | L41: 9f18443b-dae7-4165-836d-b91b39a819a5
A42: 40 | B42: 2T2607312CH | C42: TUBO SECUNDARIO FREIO DE USO AUTOMOTIVO | D42: 1 | E42: 4 | F42: BX1 | G42: Pieza individual | H42: 1 | I42: Carro Bandejas 4 | L42: 3b623450-7af1-480c-bafb-75d8c328048e
A43: 41 | B43: T15507139 | C43: SUPORTE | D43: 1 | E43: 4 | F43: BX1 | G43: Pieza individual | H43: 1 | I43: Carro Bandejas 4 | J43: 2 | L43: c4a3f775-343f-421f-952f-7e80dc89611a
A44: 42 | B44: 2T2121425 | C44: ALOJAM.RADIADOR | D44: 2 | E44: 5 | F44: BX1 | G44: Pieza individual | H44: 2 | I44: Carro Bandejas 5 | J44: 2 | L44: 617f9a4e-0da6-436e-9e38-dc011c7f77cf
A45: 43 | B45: 2T2711881B | C45: SUPORTE | D45: 1 | E45: 5 | F45: BX1 | G45: Pieza individual | H45: 1 | I45: Carro Bandejas 5 | J45: 1 | L45: 169afb06-8241-4865-86a3-36e3883c859b
A46: 44 | B46: 2T2711881E | C46: SUPORTE | D46: 1 | E46: 5 | F46: BX1 | G46: Pieza individual | H46: 2 | I46: Carro Bandejas 5 | J46: 2 | L46: 6c08580c-c9aa-426e-86ba-af76813e5c01
A47: 45 | B47: 2TA145171 | C47: RESERVATORIO OLEO | D47: 1 | E47: 5 | F47: BX1 | G47: Pieza individual | H47: 1 | I47: Carro Bandejas 5 | J47: 3 | L47: 10c62a07-4b3d-4b78-8515-a6dcd6814da8
A48: 46 | B48: 2R2949101A | C48: LUZ INDIC DIRECAO | D48: 1 | E48: 6 | F48: BX1 | G48: Pieza individual | H48: 1 | I48: Carro Bandejas 6 | J48: 3 | L48: 036bea3a-4611-4a52-9af7-2af7f0ea76e0
A49: 47 | B49: 2R2949102A | C49: LUZ INDIC DIRECAO | D49: 1 | E49: 6 | F49: BX1 | G49: Pieza individual | H49: 1 | I49: Carro Bandejas 6 | J49: 3 | L49: 7d0651a5-4a52-4c52-a458-98881cd4a73e
A50: 48 | B50: TJG411185 | C50: PLACA DO GRAMPO DA | D50: 2 | E50: A-B | F50: BX1 | G50: Pieza individual | H50: 2 | I50: Carro E. Delantero | L50: 62618c06-2a8b-4824-bce0-c4f9bab79de3
A51: 49 | B51: 2R2941031 | C51: FAROL DO LADO ESQUERDO | D51: 1 | E51: C-D | F51: BX1 | G51: Pieza individual | H51: 1 | I51: Carro bandejas 8 | J51: 2 | L51: 20db6b15-bc3f-45ce-8d5c-4cfefc86a789
A52: 50 | B52: 2R2941032 | C52: FAROL | D52: 1 | E52: C-D | F52: BX1 | G52: Pieza individual | H52: 1 | I52: Carro bandejas 8 | J52: 2 | L52: 2f7b80b3-42fd-49dd-98c9-9074aa79d536
A53: 51 | B53: 2S2907631 | C53: VALVULA MAGNETICA SOLENOIDE | D53: 1 | E53: C-D | F53: BX1 | G53: Pieza individual | H53: 1 | I53: Carro bandejas 9 | J53: 2 | K53: Carro válvulas | L53: 3877b276-eb6f-4357-bb91-a36665df3b8b
A54: 52 | B54: 2T0803778A | C54: CANTONEIRA | D54: 1 | E54: C-D | F54: BX1 | G54: Pieza individual | H54: 1 | I54: Carro bandejas 9 | K54: Carro válvulas | L54: 72a8e34f-db25-4e8d-9fec-e301c79b2f64
A55: 53 | B55: 2T2607251R | C55: RESERVATORIO DE AR PRESSAO PARA USO AUTO | D55: 1 | E55: C-D | F55: BX1 | G55: Pieza individual | H55: 1 | I55: Carro premontajes | L55: 04c501b9-e905-4425-b639-b2d419623ce6
A56: 54 | B56: 2T2607251S | C56: RESERVATORIO DE AR PRESSAO USO AUTOMO | D56: 1 | E56: C-D | F56: BX1 | G56: Pieza individual | H56: 1 | I56: Carro premontajes | L56: 06f8067d-0f24-4fb9-9426-8211da001cf1
A57: 55 | B57: 2T2607363M | C57: SUPORTE | D57: 1 | E57: C-D | F57: BX1 | G57: Pieza individual | H57: 1 | I57: Carro bandejas 9 | J57: 3 | K57: Carro válvulas | L57: c4839ee0-b508-4ad8-a483-75275d2a0818
A58: 56 | B58: 2T2607373AK | C58: SECADOR DE AR | D58: 1 | E58: C-D | F58: BX1 | G58: Pieza individual | H58: 1 | I58: Carro bandejas 9 | J58: 2 | K58: Carro válvulas | L58: da9b3a86-7ddb-4543-8830-2696216ff144
A59: 57 | B59: 2T2803413A | C59: REFORCO | D59: 1 | E59: C-D | F59: BX1 | G59: Pieza individual | H59: 1 | I59: Carro premontajes | L59: 095a08b7-f1fe-47af-bbe0-9ca629280b91
A60: 58 | B60: 2V2907657 | C60: SENSOR DE GIRO | D60: 1 | E60: C-D | F60: BX1 | G60: Pieza individual | H60: 1 | I60: Carro bandejas 9 | K60: Carro válvulas | L60: d01a6aef-b6c3-4e8b-a34f-ff72d93d9b02
A61: 59 | B61: 2V5611555C | C61: VALVULA | D61: 1 | E61: C-D | F61: BX1 | G61: Pieza individual | H61: 1 | I61: Carro bandejas 9 | K61: Carro válvulas | L61: 1faab4e4-c41c-4ea2-9d6a-9f2d6c539eb1 | M61: 45533
A62: 60 | B62: 2V5611555D | C62: VALVULA | D62: 1 | E62: C-D | F62: BX1 | G62: Pieza individual | H62: 1 | I62: Carro bandejas 9 | K62: Carro válvulas | L62: 23d97bd7-fc49-42e1-b7dd-43048e5e1022
A63: 61 | B63: 2VC607359 | C63: VALVULA | D63: 1 | E63: C-D | F63: BX1 | G63: Pieza individual | H63: 1 | I63: Carro bandejas 9 | K63: Carro válvulas | L63: f99f1088-5593-4419-9ea0-7ad95c5a63d7
A64: 62 | B64: 23G607359 | C64: VALVULA 4 VIAS | D64: 1 | E64: C-D | F64: BX1 | G64: Pieza individual | H64: 1 | I64: Carro bandejas 9 | J64: 2 | K64: Carro válvulas | L64: 79f92c06-cef8-4e06-9f86-e39bc9e522e0
A65: 63 | B65: 2Z0607262B | C65: VALVULA | D65: 2 | E65: C-D | F65: BX1 | G65: Pieza individual | H65: 2 | I65: Carro bandejas 9 | J65: 2 | K65: Carro válvulas | L65: 5b0a3129-6f9b-4a42-a560-5b62a629d8ef
A66: 64 | B66: 2R0945403A | C66: SUPORTE | D66: 2 | E66: 0-1 | F66: BX2 | G66: Pieza individual | H66: 2 | I66: Carro Bandejas 1 | J66: 2 | L66: 74db4e39-3aa1-477d-abc1-2f95ee05e0a2
A67: 65 | B67: 2R2899501B | C67: BOMBA HIDRAULICA PARA USO AUTOMOTIVO | D67: 1 | E67: 0-1 | F67: BX2 | G67: Pieza individual | H67: 1 | I67: Carro Bandejas 1 | J67: 1 | L67: 3e621370-3fda-4ddc-81bc-2b056224a45f
A68: 66 | B68: 2S2803561 | C68: REFORCO | D68: 1 | E68: 0-1 | F68: BX2 | G68: Pieza individual | H68: 1 | I68: Carro Bandejas 1 | J68: 2 | L68: 1f8c664c-015e-4db3-b9a5-170d15646279
A69: 67 | B69: 2S2803562 | C69: REFORCO | D69: 1 | E69: 0-1 | F69: BX2 | G69: Pieza individual | H69: 1 | I69: Carro Bandejas 1 | J69: 2 | L69: 25a69ed4-0746-4eec-814c-5516561ab246
A70: 68 | B70: 2S2907333 | C70: SUPORTE | D70: 1 | E70: 0-1 | F70: BX2 | G70: Pieza individual | H70: 1 | I70: Carro Bandejas 1 | J70: 2 | L70: fc1785d0-82be-4122-87bd-6880b6cef4e2
A71: 69 | B71: 2T2121313M | C71: SUPORTE | D71: 1 | E71: 0-1 | F71: BX2 | G71: Pieza individual | H71: 1 | I71: Carro Bandejas 1 | J71: 3 | L71: fc86b952-53ef-44c8-93c2-bab39e072053
A72: 70 | B72: 2T2145418 | C72: TUBO SUCCAO | D72: 1 | E72: 0-1 | F72: BX2 | G72: Pieza individual | H72: 1 | I72: Carro Bandejas 1 | L72: ad407e48-97bb-4fa1-9c61-e3ffe3b7988f
A73: 71 | B73: 2T2201260A | C73: SUPORTE | D73: 2 | E73: 0-1 | F73: BX2 | G73: Pieza individual | H73: 2 | I73: Carro tarimas 2 | L73: 1fe28702-c5be-47d6-a987-b6779348528b
A74: 72 | B74: 2T2253319AA | C74: SUPORTE | D74: 1 | E74: 0-1 | F74: BX2 | G74: Pieza individual | H74: 1 | I74: Carro Bandejas 1 | J74: 2 | L74: 98303dd4-6194-499b-b43e-27484a829782
A75: 73 | B75: 2T2422053F | C75: MECANISMO DIRECAO HIDRAULICA | D75: 1 | E75: 0-1 | F75: BX2 | G75: Pieza individual | H75: 1 | I75: Carro tarimas 1 | L75: 8b467bee-9420-4b09-9c55-327683ddef5a
A76: 74 | B76: 2T2821151H | C76: SUPORTE DO PARA | D76: 1 | E76: 0-1 | F76: BX2 | G76: Pieza individual | H76: 1 | I76: Carro tarimas 1 | L76: 4928d1fc-76c7-4c90-968f-ab99cd9cc123
A77: 75 | B77: 2T2821152H | C77: SUPTE PARA | D77: 1 | E77: 0-1 | F77: BX2 | G77: Pieza individual | H77: 1 | I77: Carro tarimas 1 | L77: b62874a3-43bc-4f1f-a7e1-9d565618fee0
A78: 76 | B78: 2V2607891C | C78: SUPORTE | D78: 3 | E78: 0-1 | F78: BX2 | G78: Pieza individual | H78: 3 | I78: Carro Bandejas 1 | J78: 4 | L78: 30240547-ef86-4fa4-aa97-70a4b4b0d6c9
A79: 77 | B79: 2V2607891M | C79: SUPORTE | D79: 1 | E79: 0-1 | F79: BX2 | G79: Pieza individual | H79: 1 | I79: Carro Bandejas 1 | J79: 3 | L79: 08c1b874-cfc3-4c64-b220-34ed30001e89
A80: 78 | B80: 2T0413031B | C80: AMORTECEDOR | D80: 2 | E80: 3 | F80: BX2 | G80: Pieza individual | H80: 2 | I80: Carro Bandejas 3 | K80: Carro válvulas | L80: c624d887-5952-47ae-bd11-9f5b060e380c
A81: 79 | B81: 2T2253173AJ | C81: TUBO INTERMEDIARIO | D81: 1 | E81: 3 | F81: BX2 | G81: Pieza individual | H81: 1 | I81: Carro Bandejas 3 | J81: 3 | L81: 1d5eaf9b-9fd6-42bb-9af0-1991ad039684
A82: 80 | B82: T16511347 | C82: PLACA TENSORA | D82: 2 | E82: 3 | F82: BX2 | G82: Pieza individual | H82: 2 | I82: Carro Bandejas 3 | L82: 15c1c45c-c009-4d5b-8c24-bb18e3c64e8d
A83: 81 | B83: T16511349 | C83: PLACA TENSORA | D83: 2 | E83: 3 | F83: BX2 | G83: Pieza individual | H83: 2 | I83: Carro Bandejas 3 | J83: 2 | L83: b1f31963-17a7-43ba-beb6-2ace6d369901
A84: 82 | B84: TJG511367 | C84: INSERTO | D84: 2 | E84: 3 | F84: BX2 | G84: Pieza individual | H84: 2 | I84: Carro Bandejas 3 | J84: 2 | L84: e036531e-7139-4fae-89f4-bf480c4eee75
A85: 83 | B85: TJG513031B | C85: AMORTECEDOR TRAS | D85: 2 | E85: 3 | F85: BX2 | G85: Pieza individual | H85: 2 | I85: Carro Bandejas 3 | L85: 9f3e4f57-aa5a-43be-ae97-a336dc523b08
A86: 84 | B86: TNS511441 | C86: TIRANTE BRACO SUPORTE BARRA ESTABILIZADO | D86: 2 | E86: 3 | F86: BX2 | G86: Pieza individual | H86: 2 | I86: Carro Bandejas 3 | J86: 3 | L86: b92d4ae9-48fc-4033-8b53-503833336597
A87: 85 | B87: 23H121333 | C87: CONDUTOR DE AR | D87: 1 | E87: 5 | F87: BX2 | G87: Pieza individual | H87: 1 | I87: Carro Bandejas 5 | J87: 3 | L87: a4b70034-17db-4cf5-a2bd-6bd9807ee9b4
A88: 86 | B88: 2T2121228 | C88: VEDACAO | D88: 1 | E88: 5 | F88: BX2 | G88: Pieza individual | H88: 1 | I88: Carro Bandejas 5 | J88: 4 | L88: 15ba7d1b-6407-4320-8772-c655b6747cdf
A89: 87 | B89: 2T2121313L | C89: SUPORTE | D89: 1 | E89: 5 | F89: BX2 | G89: Pieza individual | H89: 1 | I89: Carro Bandejas 5 | J89: 1 | L89: 4b6f402f-12ad-4ee1-ae72-9f998c47f99d
A90: 88 | B90: 2T2129973AM | C90: MANGUEIRA CONF. | D90: 1 | E90: 5 | F90: BX2 | G90: Pieza individual | H90: 1 | I90: Carro Bandejas 5 | J90: 2 | L90: ef03ff91-511b-45a9-9a27-d4e382874d13
A91: 89 | B91: 2R0951209B | C91: BUZINA COM SUPORTE PARA USO AUTOMOTIVO | D91: 1 | E91: 6 | F91: BX2 | G91: Pieza individual | H91: 1 | I91: Carro Bandejas 6 | J91: 3 | L91: fb27446d-1299-4ff3-bc09-fc73f0aa43aa
A92: 90 | B92: 2R2823359 | C92: AMORTECEDOR A GAS | D92: 2 | E92: 6 | F92: BX2 | G92: Pieza individual | H92: 2 | I92: Carro Bandejas 6 | J92: 4 | L92: d40ab7ae-b9e9-4c8f-9a00-24cd389fb87e
A93: 91 | B93: 2S2000101Q | C93: ETIQUETA IDENTIFICACAO | D93: 1 | E93: 6 | F93: BX2 | G93: Pieza individual | H93: 1 | I93: Carro Bandejas 6 | J93: 1 | L93: 83dd9cc7-34c8-420b-a1b6-cd3f06d507ed
A94: 92 | B94: 2T2411023D | C94: ESTABILIZADOR SUSPENSAO DIANTEIRA | D94: 1 | E94: A-B | F94: BX2 | G94: Pieza individual | H94: 1 | I94: Carro E. Delantero | L94: 0d57eca6-e6ad-4c01-994c-e418b7e26ab3
A95: 93 | B95: 2T2411077 | C95: SUPORTE | D95: 2 | E95: A-B | F95: BX2 | G95: Pieza individual | H95: 2 | I95: Carro E. Delantero | L95: ec10a07c-c9da-4e6d-b3bd-e7f81714313c
A96: 94 | B96: 2T2411101D | C96: MOLA DIANTEIRA DE USO AUTOMOTIVO | D96: 1 | E96: A-B | F96: BX2 | G96: Pieza individual | H96: 1 | I96: Carro E. Delantero | L96: bffae530-0259-47a2-8647-228ddf1a754c
A97: 95 | B97: 2T2411102D | C97: ZMOLA DIANTEIRA | D97: 1 | E97: A-B | F97: BX2 | G97: Pieza individual | H97: 1 | I97: Carro E. Delantero | L97: c1d087c7-0e69-4a99-ab9e-f28e5fb96253
A98: 96 | B98: 2TJ511315 | C98: SUPORTE | D98: 1 | E98: A-B | F98: BX2 | G98: Pieza individual | H98: 1 | I98: Carro E. Trasero | L98: 7c945ffe-112c-4bc1-aede-d18d248fe51e
A99: 97 | B99: 2TJ511316 | C99: SUPORTE | D99: 1 | E99: A-B | F99: BX2 | G99: Pieza individual | H99: 1 | I99: Carro E. Trasero | L99: 3f7bd651-ccb7-4569-8040-f29c7b32849a
A100: 98 | B100: 2W0411129B | C100: GRAMPO DA MOLA | D100: 4 | E100: A-B | F100: BX2 | G100: Pieza individual | H100: 4 | I100: Carro E. Trasero | L100: 40107030-db33-4ded-887e-d0004068158d
...

Sheet 17280.27CA5B Tractor
A1: Listado maestro de embalajes de componentes | F1: Modelo: | G1: Constellation TRACTOR 17280.27CA5B.3560 | J1: Rev | K1: =+BOM!D2 -> 45953
A2: item | B2: Materialnumber | C2: Material short text | D2: Uso por _Puesto | E2: Puesto línea final | F2: EMBALAJE Proveedor | G2: Embalaje línea | H2: Módulo de abastecimiento | I2: Medio de Abastecimiento | J2: Nivel | K2: Observaciones | L2: __PowerAppsId__ | M2: revisión
